<?xml version="1.0" encoding="utf-8"?>
<root>
	<features enable_sync_exclusions="true"/>
	<types>
		<type id="::Defaults">
			<view label="Defaults" label_plural="Defaults" hidden="true"/>
			<synchronizer name_format="Defaults">
				<links>
					<link>CurrentUser</link>
				</links>
			</synchronizer>
		</type>
		<type id="Task">
			<view label="Task" suppress_deletion_confirmation="false" label_plural="Tasks"
					small_icon="type_image:Generic:16" normal_icon="type_image:Generic:24"
					large_icon="type_image:Generic:48"/>
			<synchronizer name_format=":[:(Title):]:">
				<links>
					<link>Account</link>
					<link>Opportunity</link>
					<link>Owner</link>
				</links>
			</synchronizer>
		</type>
		<type id="Appointment">
			<view label="Appointment" suppress_deletion_confirmation="false" label_plural="Appointments"
					small_icon="type_image:Generic:16" normal_icon="type_image:Generic:24"
					large_icon="type_image:Generic:48"/>
			<synchronizer name_format=":[:(Title):]:">
				<links>
					<link>Account</link>
					<link>Opportunity</link>
					<link>Owner</link>
				</links>
			</synchronizer>
		</type>
		<type id="Activity">
			<view label="Activity" suppress_deletion_confirmation="false" label_plural="Activities"
					small_icon="type_image:Generic:16" normal_icon="type_image:Generic:24"
					large_icon="type_image:Generic:48" hidden="true"/>
			<synchronizer name_format=":[:(Title):]:" pin_created="-1">
				<links>
					<link>Owner</link>
					<link>Contact</link>
					<link>Opportunity</link>
					<link>Account</link>
				</links>
			</synchronizer>
		</type>
		<type id="ActivityFile">
			<view label="ActivityFile" label_plural="ActivityFiles"
					  small_icon="type_image:Generic:16" normal_icon="type_image:Generic:24"
					  large_icon="type_image:Generic:48" hidden="true"/>
			<synchronizer name_format=":[:(Name):]" pin_created="-1">
				<links>
					<link owned="true" required="true">Activity</link>
				</links>
			</synchronizer>
		</type>
		<type id="TaskParticipant">
			<view label="TaskParticipant" label_plural="TaskParticipants"
					small_icon="type_image:Generic:16" normal_icon="type_image:Generic:24"
					large_icon="type_image:Generic:48" suppress_on_top="true" suppress_deletion_confirmation="true"/>
			<synchronizer name_format=":[:(Activity):]">
				<links>
					<link owned="true" required="true">Activity</link>
					<link owned="true" required="true">Participant</link>
				</links>
			</synchronizer>
		</type>
		<type id="AppointmentParticipant">
			<view label="AppointmentParticipant" label_plural="AppointmentParticipants"
					small_icon="type_image:Generic:16" normal_icon="type_image:Generic:24"
					large_icon="type_image:Generic:48" suppress_on_top="true" suppress_deletion_confirmation="true"/>
			<synchronizer name_format=":[:(Activity):]">
				<links>
					<link owned="true" required="true">Activity</link>
					<link owned="true" required="true">Participant</link>
				</links>
			</synchronizer>
		</type>
		<type id="ActivityStatus">
			<view label="ActivityStatus" label_plural="ActivityStatuses" small_icon="type_image:Generic:16"
					  normal_icon="type_image:Generic:24" large_icon="type_image:Generic:48" hidden="true"/>
			<synchronizer name_format=":[:(Name):]">
				<links/>
			</synchronizer>
		</type>
		<type id="Account">
			<view label="Account" label_plural="Accounts" small_icon="type_image:Generic:16"
					  normal_icon="type_image:Generic:24" large_icon="type_image:Generic:48" hidden="true"/>
			<synchronizer name_format=":[:(Name):]">
				<links/>
			</synchronizer>
		</type>
		<type id="AddressType">
			<view label="AddressType" label_plural="AddressTypes" small_icon="type_image:Generic:16"
					  normal_icon="type_image:Generic:24" large_icon="type_image:Generic:48" hidden="true"/>
			<synchronizer name_format=":[:(Name):]">
				<links/>
			</synchronizer>
		</type>
		<type id="City">
			<view label="City" label_plural="Cities" small_icon="type_image:Generic:16"
					  normal_icon="type_image:Generic:24" large_icon="type_image:Generic:48" hidden="true"/>
			<synchronizer name_format=":[:(Name):]">
				<links>
					<link>Country</link>
					<link>Region</link>
				</links>
			</synchronizer>
		</type>
		<type id="Contact">
			<view label="Contact" suppress_deletion_confirmation="false" label_plural="Contact"
				 small_icon="type_image:Generic:16" normal_icon="type_image:Generic:24"
				 large_icon="type_image:Generic:48"/>
			<synchronizer name_format=":[:(Name):]">
				<links>
					<link>Account</link>
					<link>Gender</link>
					<link>Owner</link>
					<link>SalutationType</link>
					<link>DecisionRole</link>
					<link>Type</link>
					<link>Job</link>
					<link>Department</link>
					<link>AddressType</link>
					<link>Country</link>
					<link>Region</link>
					<link>City</link>
				</links>
			</synchronizer>
		</type>
		<type id="ContactDecisionRole">
			<view label="ContactDecisionRole" label_plural="ContactDecisionRoles" small_icon="type_image:Generic:16"
					  normal_icon="type_image:Generic:24" large_icon="type_image:Generic:48" hidden="true"/>
			<synchronizer name_format=":[:(Name):]">
				<links/>
			</synchronizer>
		</type>
		<type id="ContactSalutationType">
			<view label="ContactSalutationType" label_plural="ContactSalutationTypes" small_icon="type_image:Generic:16"
					  normal_icon="type_image:Generic:24" large_icon="type_image:Generic:48" hidden="true"/>
			<synchronizer name_format=":[:(Name):]">
				<links/>
			</synchronizer>
		</type>
		<type id="ContactType">
			<view label="ContactType" label_plural="ContactTypes" small_icon="type_image:Generic:16"
					  normal_icon="type_image:Generic:24" large_icon="type_image:Generic:48" hidden="true"/>
			<synchronizer name_format=":[:(Name):]">
				<links/>
			</synchronizer>
		</type>
		<type id="Country">
			<view label="Country" label_plural="Countries" small_icon="type_image:Generic:16"
					  normal_icon="type_image:Generic:24" large_icon="type_image:Generic:48" hidden="true"/>
			<synchronizer name_format=":[:(Name):]">
				<links/>
			</synchronizer>
		</type>
		<type id="Department">
			<view label="Department" label_plural="Department" small_icon="type_image:Generic:16"
					  normal_icon="type_image:Generic:24" large_icon="type_image:Generic:48" hidden="true"/>
			<synchronizer name_format=":[:(Name):]">
				<links/>
			</synchronizer>
		</type>
		<type id="EmailSendStatus">
			<view label="EmailSendStatus" label_plural="EmailSendStatuses" small_icon="type_image:Generic:16"
					  normal_icon="type_image:Generic:24" large_icon="type_image:Generic:48" hidden="true"/>
			<synchronizer name_format=":[:(Name):]">
				<links/>
			</synchronizer>
		</type>
		<type id="Employee">
			<view label="Employee" label_plural="Employees" small_icon="type_image:Generic:16"
					  normal_icon="type_image:Generic:24" large_icon="type_image:Generic:48" hidden="true"/>
			<synchronizer name_format=":[:(Name):]">
				<links>
					<link owned="true" required="true">Contact</link>
				</links>
			</synchronizer>
		</type>
		<type id="Gender">
			<view label="Gender" label_plural="Genders" small_icon="type_image:Generic:16"
					  normal_icon="type_image:Generic:24" large_icon="type_image:Generic:48" hidden="true"/>
			<synchronizer name_format=":[:(Name):]">
				<links/>
			</synchronizer>
		</type>
		<type id="Job">
			<view label="Job" label_plural="Jobs" small_icon="type_image:Generic:16" normal_icon="type_image:Generic:24"
					  large_icon="type_image:Generic:48" hidden="true"/>
			<synchronizer name_format=":[:(Name):]">
				<links/>
			</synchronizer>
		</type>
		<type id="Opportunity">
			<view label="Opportunity" label_plural="Opportunities" small_icon="type_image:Generic:16"
					  normal_icon="type_image:Generic:24" large_icon="type_image:Generic:48" hidden="true"/>
			<synchronizer name_format=":[:(Title):]">
				<links>
					<link>Account</link>
				</links>
			</synchronizer>
		</type>
		<type id="Region">
			<view label="Region" label_plural="Regions" small_icon="type_image:Generic:16"
					  normal_icon="type_image:Generic:24" large_icon="type_image:Generic:48" hidden="true"/>
			<synchronizer name_format=":[:(Name):]">
				<links>
					<link>Country</link>
				</links>
			</synchronizer>
		</type>
	</types>
	<local_filtering_rules>
		<type id="Contact">
			<restriction>
				<binary field="Shared" condition="eq">
					<value type="bool">true</value>
				</binary>
			</restriction>
			<initial_values>
				<field name="Shared">
					<value type="bool">true</value>
				</field>
			</initial_values>
		</type>
		<type id="Activity">
			<restriction>
				<binary field="Shared" condition="eq">
					<value type="bool">true</value>
				</binary>
				<binary field="Sent" condition="eq">
					<value type="bool">true</value>
				</binary>
			</restriction>
			<initial_values>
				<field name="Shared">
					<value type="bool">true</value>
				</field>
			</initial_values>
		</type>
		<type id="Task">
			<restriction>
				<binary field="Shared" condition="eq">
					<value type="bool">true</value>
				</binary>
			</restriction>
			<initial_values>
				<field name="Shared">
					<value type="bool">true</value>
				</field>
			</initial_values>
		</type>
		<type id="Appointment">
			<restriction>
				<binary field="Shared" condition="eq">
					<value type="bool">true</value>
				</binary>
			</restriction>
			<initial_values>
				<field name="Shared">
					<value type="bool">true</value>
				</field>
				<field name="ShowInScheduler">
					<value type="bool">true</value>
				</field>
			</initial_values>
		</type>
		<type id="Job">
			<initial_values>
				<field name="SuppressFileAs">
					<value type="string">-</value>
				</field>
			</initial_values>
		</type>
	</local_filtering_rules>
	<filter_presets>
		<preset name="Example">
		</preset>
	</filter_presets>
	<custom_filters>
		<type id="Activity">
			<group link="and">
				<binary field="Owner" condition="eq">
					<value>00000000-0000-0000-0000-000000000000</value>
				</binary>
			</group>
		</type>
		<type id="ActivityFile">
			<group link="and">
				<binary field="Activity" condition="eq">
					<value>00000000-0000-0000-0000-000000000000</value>
				</binary>
			</group>
		</type>
	</custom_filters>
</root>
