<dialogs>
	<dialog id="empty dialog">
		<layout sizable="true" id="General" min_height="624" min_width="520">
			<appearance height="400" width="500" position="parent_center"></appearance>
			<cell>
				<stack layout="horz">
					<cell/>
				</stack>
			</cell>
		</layout>
	</dialog>

	<dialog id="TestDialog">
		<layout sizable="false" small_icon="app_small_icon">
			<appearance height="210" width="400" position="desktop_center"></appearance>
			<cell>
				<stack layout="horz" padding="15">
					<cell>
						<stack layout="vert" padding="15" spacing="15">
							<cell>
								<edit id="title_edit" tab_order="12">
									<field value="string">name</field>
								</edit>
							</cell>
							<cell size="25" attraction="far">
								<stack layout="horz" spacing="10" padding="15">
									<cell size="60" attraction="far">
										<button id="btn_cancel" tab_order="8">
											<text>#lbl_cancel</text>
										</button>
									</cell>
									<cell size="60" attraction="far">
										<button id="btn_ok" tab_order="7">
											<text>#lbl_ok</text>
										</button>
									</cell>
								</stack>
							</cell>
						</stack>
					</cell>
				</stack>
			</cell>
		</layout>
	</dialog>
</dialogs>

