<forms>
	<form id="CRM Contact" on_open="form_open()" on_saved="form_saved()" on_saving="form_saving()">
		<script>
			<![CDATA[
				//include("forms.js", "forms");

				//var form_handler = new forms.form_contact(application, session, ui, application_script, form);

				function form_open()
				{
					//form_handler.form_open();
				}

				function form_saving()
				{
					//form_handler.form_saving();
				}

				function form_saved()
				{
					//form_handler.form_saved();
				}
			]]>
		</script>
		<info_bar size="34">
			<stack layout="vert" spacing="3">
				<cell size="34">
					<gradient_checkbox id="share_chk" tab_order="0">
						<field>shared</field>
						<text>:[:(first_name) :]:[:(last_name):]</text>
					</gradient_checkbox>
				</cell>
			</stack>
		</info_bar>
		<!--<page id="General" min_height="750" min_width="800">
			<cell></cell>
		</page>-->
	</form>	
</forms>
