<forms>
	<form id="GC Contact">
		<script>
			<![CDATA[
				include("forms.js", "forms");
				var ctx = {
					"application": application,
					"ui": ui,
					"application_script": application_script,
					"form": form
				};
				var current_form = new forms.form_contact(forms.create_form_ctx(ctx));
			]]>
		</script>
		<info_bar size="34">
			<stack layout="vert" spacing="3">
				<cell size="34">
					<gradient_checkbox id="share_chk" tab_order="1">
						<field>Shared</field>
						<text>:[:(Name):]</text>
					</gradient_checkbox>
				</cell>
			</stack>
		</info_bar>
		<page id="General" min_height="600" min_width="800">
			<cell>
				<stack layout="horz" padding="5">
					<cell>
						<stack layout="vert" padding="5">
							<cell size="5"></cell>
							<cell size="80">
								<stack layout="horz">
									<cell attraction="far" size="5"/>
									<cell>
										<stack layout="vert">
											<!--Left column-->
											<cell size="21">
												<stack layout="horz" spacing="5">
													<cell size="160">
														<static id="0x40031">
															<text>#lbl_Name</text>
														</static>
													</cell>
													<cell>
														<control id="name_id" tab_order="2" window_id="0x1000"/>
													</cell>
												</stack>
											</cell>
											<cell size="5"></cell>
											<cell size="21">
												<stack layout="horz" spacing="5">
													<cell size="160">
														<static id="0x40031">
															<text>#lbl_SalutationType</text>
														</static>
													</cell>
													<cell size="100">
														<combobox id="salutationType_id" tab_order="3">
															<field>SalutationType</field>
															<source type="ContactSalutationType" format=":[:(Name):]" field="id()" sort_by="Name"></source>
														</combobox>
													</cell>
													<cell>
														<edit id="dear_id" tab_order="4" acc_name="Dear">
															<field value="string">Dear</field>
														</edit>
													</cell>
												</stack>
											</cell>
											<cell size="5"></cell>
											<cell size="21">
												<stack layout="horz" spacing="5">
													<cell size="160">
														<static id="0x40031">
															<text>#lbl_Type</text>
														</static>
													</cell>
													<cell>
														<combobox id="contactType_id" tab_order="5">
															<field>Type</field>
															<source type="ContactType" format=":[:(Name):]" field="id()" sort_by="Name"></source>
														</combobox>
													</cell>
												</stack>
											</cell>
											<!--end of left column-->
										</stack>
									</cell>
									<cell size="20"></cell>
									<cell>
										<stack layout="vert">
											<!--Right column-->
											<cell size="21">
												<stack layout="horz" spacing="5">
													<cell size="160">
														<static id="0x40031">
															<text>#lbl_Gender</text>
														</static>
													</cell>
													<cell>
														<combobox id="gender_id" tab_order="6">
															<field>Gender</field>
															<source type="Gender" format=":[:(Name):]" field="id()" sort_by="Name"></source>
														</combobox>
													</cell>
												</stack>
											</cell>
											<cell size="5"></cell>
											<cell size="21">
												<stack layout="horz" spacing="5">
													<cell size="160">
														<static id="0x40031">
															<text>#lbl_BirthDate</text>
														</static>
													</cell>
													<cell>
														<datetime id="birthDate_id" tab_order="7">
															<field>BirthDate</field>
														</datetime>
													</cell>
												</stack>
											</cell>
											<cell size="5"></cell>
											<cell size="21">
												<stack layout="horz" spacing="5">
													<cell size="160">
														<static id="0x40031">
															<text>#lbl_Owner</text>
														</static>
													</cell>
													<cell>
														<stack layout="horz" spacing="3">
															<cell>
																<scriptable_autocomplete id="owner_id" tab_order="101">
																</scriptable_autocomplete>
															</cell>
															<!--<cell size="21" attraction="far">
																<button id="btn_owner_remote" image="open_remote_img:16" visible="false">
																	<text>...</text>
																</button>
															</cell>-->
															<cell size="21" attraction="far">
																<button id="btn_owner_select" image="lookup_button">
																	<text>...</text>
																</button>
															</cell>
														</stack>
													</cell>
												</stack>
											</cell>
											<cell size="5"></cell>
											<!--end of right column-->
										</stack>
									</cell>
								</stack>
							</cell>
							<cell size="21">
								<stack layout="horz" spacing="5">
									<cell size="140">
										<static id="0x40031">
											<text>#lbl_WorkPlaceGroup</text>
										</static>
									</cell>
									<cell >
										<edge id="edge_workplace" style="horz"></edge>
									</cell>
								</stack>
							</cell>
							<cell size="5"></cell>
							<cell size="80">
								<stack layout="vert">
									<cell size="21">
										<stack layout="horz" spacing="5">
											<cell size="160">
												<static id="0x40031">
													<text>#lbl_Account</text>
												</static>
											</cell>
											<cell>
												<stack layout="horz" spacing="3">
													<cell>
														<scriptable_autocomplete id="account_id" tab_order="8">
														</scriptable_autocomplete>
													</cell>
													<!--<cell size="21" attraction="far">
														<button id="btn_account_remote" image="open_remote_img:16" visible="false">
															<text>...</text>
														</button>
													</cell>-->
													<cell size="21" attraction="far">
														<button id="btn_account_select" image="lookup_button">
															<text>...</text>
														</button>
													</cell>
												</stack>
											</cell>
											<cell size="15"></cell>
											<cell size="160">
												<static id="0x40031">
													<text>#lbl_Department</text>
												</static>
											</cell>
											<cell>
												<combobox id="department_id" tab_order="9">
													<field>Department</field>
													<source type="Department" format=":[:(Name):]" field="id()" sort_by="Name"></source>
												</combobox>
											</cell>
										</stack>
									</cell>
									<cell size="5"></cell>
									<cell size="21">
										<stack layout="horz" spacing="5">
											<cell size="160">
												<static id="0x40031">
													<text>#lbl_Job</text>
												</static>
											</cell>
											<cell>
												<combobox id="job_id" tab_order="10">
													<field>Job</field>
													<source type="Job" format=":[:(Name):]" field="id()" sort_by="Name"></source>
												</combobox>
											</cell>
											<cell size="15"></cell>
											<cell size="160">
												<static id="0x40031">
													<text>#lbl_DecisionRole</text>
												</static>
											</cell>
											<cell>
												<combobox id="decisionRole_id" tab_order="11">
													<field>DecisionRole</field>
													<source type="ContactDecisionRole" format=":[:(Name):]" field="id()" sort_by="Name"></source>
												</combobox>
											</cell>
										</stack>
									</cell>
									<cell size="5"></cell>
									<cell size="21">
										<stack layout="horz" spacing="5">
											<cell size="160">
												<static id="0x40031">
													<text>#lbl_JobTitle</text>
												</static>
											</cell>
											<cell>
												<control id="0x1180" tab_order="12" window_id="0x1180"/>
											</cell>
										</stack>
									</cell>
								</stack>
							</cell>
							<cell size="150">
								<stack layout="horz">
									<cell attraction="far" size="5"/>
									<cell size="500">
										<stack layout="vert">
											<!--Left column-->
											<cell size="21">
												<stack layout="horz" spacing="5">
													<cell size="140">
														<static id="0x40031">
															<text>#lbl_CommunicationsGroup</text>
														</static>
													</cell>
													<cell >
														<edge id="edge_communications" style="horz"></edge>
													</cell>
												</stack>
											</cell>
											<cell size="5"></cell>
											<cell size="21">
												<stack layout="horz" spacing="5">
													<cell size="160">
														<static id="0x40031">
															<text>#lbl_Phone</text>
														</static>
													</cell>
													<cell>
														<edit id="phone_id" tab_order="14" acc_name="Phone">
															<field value="string">Phone</field>
														</edit>
													</cell>
												</stack>
											</cell>
											<cell size="5"></cell>
											<cell size="21">
												<stack layout="horz" spacing="5">
													<cell size="160">
														<static id="0x40031">
															<text>#lbl_MobilePhone</text>
														</static>
													</cell>
													<cell>
														<edit id="mobilePhone_id" tab_order="15" acc_name="MobilePhone">
															<field value="string">MobilePhone</field>
														</edit>
													</cell>
												</stack>
											</cell>
											<cell size="5"></cell>
											<cell size="21">
												<stack layout="horz" spacing="5">
													<cell size="160">
														<static id="0x40031">
															<text>#lbl_HomePhone</text>
														</static>
													</cell>
													<cell>
														<edit id="homePhone_id" tab_order="16" acc_name="HomePhone">
															<field value="string">HomePhone</field>
														</edit>
													</cell>
												</stack>
											</cell>
											<cell size="5"></cell>
											<cell size="21">
												<stack layout="horz" spacing="5">
													<cell size="160">
														<static id="0x40031">
															<text>#lbl_Skype</text>
														</static>
													</cell>
													<cell>
														<edit id="skype_id" tab_order="17" acc_name="Skype">
															<field value="string">Skype</field>
														</edit>
													</cell>
												</stack>
											</cell>
											<cell size="5"></cell>
											<cell size="21">
												<stack layout="horz" spacing="5">
													<cell size="160">
														<static id="0x40031">
															<text>#lbl_Email</text>
														</static>
													</cell>
													<cell>
														<edit id="email_id" tab_order="18" acc_name="Email">
															<field value="string">Email</field>
														</edit>
													</cell>
												</stack>
											</cell>
											<!--end of left column-->
										</stack>
									</cell>
									<cell size="20"></cell>
									<cell>
										<stack layout="vert">
											<!--Right column-->
											<cell size="21">
												<stack layout="horz" spacing="5">
													<cell size="100">
														<static id="0x40031">
															<text>#lbl_AddressGroup</text>
														</static>
													</cell>
													<cell >
														<edge id="edge_address" style="horz"></edge>
													</cell>
												</stack>
											</cell>
											<cell size="5"></cell>
											<cell size="21">
												<stack layout="horz" spacing="5">
													<cell size="100">
														<static id="0x40031">
															<text>#lbl_AddressType</text>
														</static>
													</cell>
													<cell>
														<combobox id="addressType_id" tab_order="19">
															<field>AddressType</field>
															<source type="AddressType" format=":[:(Name):]" field="id()" sort_by="Name"></source>
														</combobox>
													</cell>
												</stack>
											</cell>
											<cell size="5"></cell>
											<cell size="21">
												<stack layout="horz" spacing="5">
													<cell size="100">
														<static id="0x40031">
															<text>#lbl_Country</text>
														</static>
													</cell>
													<cell>
														<stack layout="horz" spacing="3">
															<cell>
																<scriptable_autocomplete id="country_id" tab_order="20"/>
															</cell>
															<cell size="21" attraction="far">
																<button id="btn_country_select" image="lookup_button">
																	<text>...</text>
																</button>
															</cell>
														</stack>
													</cell>
													<cell size="100">
														<static id="0x40031">
															<text>#lbl_Region</text>
														</static>
													</cell>
													<cell>
														<stack layout="horz" spacing="3">
															<cell>
																<scriptable_autocomplete id="region_id" tab_order="21"/>
															</cell>
															<cell size="21" attraction="far">
																<button id="btn_region_select" image="lookup_button">
																	<text>...</text>
																</button>
															</cell>
														</stack>
													</cell>
												</stack>
											</cell>
											<cell size="5"></cell>
											<cell size="21">
												<stack layout="horz" spacing="5">
													<cell size="100">
														<static id="0x40031">
															<text>#lbl_City</text>
														</static>
													</cell>
													<cell>
														<stack layout="horz" spacing="3">
															<cell>
																<scriptable_autocomplete id="city_id" tab_order="22"/>
															</cell>
															<cell size="21" attraction="far">
																<button id="btn_city_select" image="lookup_button">
																	<text>...</text>
																</button>
															</cell>
														</stack>
													</cell>
													<cell size="100">
														<static id="0x40031">
															<text>#lbl_Zip</text>
														</static>
													</cell>
													<cell>
														<edit id="zip_id" tab_order="23" acc_name="Zip">
															<field value="string">Zip</field>
														</edit>
													</cell>
												</stack>
											</cell>
											<cell size="5"></cell>
											<cell size="42">
												<stack layout="horz" spacing="5">
													<cell size="100">
														<static id="0x40031">
															<text>#lbl_Address</text>
														</static>
													</cell>
													<cell>
														<edit id="address_id" tab_order="24" acc_name="Address" multiline="true">
															<field value="string">Address</field>
														</edit>
													</cell>
												</stack>
											</cell>
											<cell size="5"></cell>
											<!--end of right column-->
										</stack>
									</cell>
								</stack>
							</cell>
							<cell size="5"></cell>
							<cell size="26">
								<stack layout="horz" spacing="5">
									<cell size="150">
										<static id="0x40031">
											<text>#lbl_InhibitGroup</text>
										</static>
									</cell>
									<cell >
										<edge id="edge_inhibit" style="horz"></edge>
									</cell>
								</stack>
							</cell>
							<cell size="5"></cell>
							<cell size="80">
								<stack layout="horz">
									<cell attraction="far" size="5"/>
									<cell>
										<stack layout="vert">
											<!--Left column-->
											<cell size="21">
												<checkbox id="DoNotUseEmail_id" tab_order="25">
													<field>DoNotUseEmail</field>
													<text>#lbl_DoNotUseEmail</text>
												</checkbox>
											</cell>
											<cell size="5"></cell>
											<cell size="21">
												<checkbox id="DoNotUseCall_id" tab_order="26">
													<field>DoNotUseCall</field>
													<text>#lbl_DoNotUseCall</text>
												</checkbox>
											</cell>
											<cell size="5"></cell>
											<cell size="21">
												<checkbox id="DoNotUseMail_id" tab_order="27">
													<field>DoNotUseMail</field>
													<text>#lbl_DoNotUseMail</text>
												</checkbox>
											</cell>
											<!--end of left column-->
										</stack>
									</cell>
									<cell size="20"></cell>
									<cell>
										<stack layout="vert">
											<!--Right column-->
											<cell size="21">
												<checkbox id="DoNotUseFax_id" tab_order="28">
													<field>DoNotUseFax</field>
													<text>#lbl_DoNotUseFax</text>
												</checkbox>
											</cell>
											<cell size="5"></cell>
											<cell size="21">
												<checkbox id="DoNotUseSms_id" tab_order="29">
													<field>DoNotUseSms</field>
													<text>#lbl_DoNotUseSms</text>
												</checkbox>
											</cell>
											<cell size="5"></cell>
											<!--end of right column-->
										</stack>
									</cell>
								</stack>
							</cell>
							<cell size="5"></cell>
							<cell size="21">
								<stack layout="horz" spacing="5">
									<cell size="100">
										<static id="0x40031">
											<text>#lbl_Description</text>
										</static>
									</cell>
									<cell>
										<edge id="edge_description" style="horz"></edge>
									</cell>
								</stack>
							</cell>
							<cell size="100">
								<control id="0x103F" tab_order="30" window_id="0x103F"/>
							</cell>
							<cell size="5"></cell>
						</stack>
					</cell>
					<cell size="0">
						<stack layout="horz">
							<cell>
								<control id="0x11C3" window_id="0x11C3"/>
							</cell>
							<cell>
								<control id="0x111C" window_id="0x111C"/>
							</cell>
							<cell>
								<control id="btn_full_name" window_id="0x6f2a" />
							</cell>
							<cell>
								<control id="full_name_edit" window_id="0x1000" />
							</cell>
							<cell>
								<control id="contact_picture" window_id="0x1108" />
							</cell>
							<cell>
								<control id="lbl_company" window_id="0x11a2" />
							</cell>
							<cell>
								<control id="company" window_id="0x1181" />
							</cell>
							<cell>
								<control id="lbl_job_title" window_id="0x11a3" />
							</cell>
							<cell>
								<control id="job_title" window_id="0x1180" />
							</cell>
							<cell>
								<control id="lbl_file_as" window_id="0x11a4" />
							</cell>
							<cell>
								<control id="file_as" window_id="0x1182" />
							</cell>
							<cell>
								<control id="internet_header" window_id="0x11bb" />
							</cell>
							<cell>
								<control id="internet_separator" window_id="0x11c5" />
							</cell>
							<cell>
								<control id="btn_email_addressbook" window_id="0x1101" />
							</cell>
							<cell>
								<control id="btn_email_address_selector" window_id="0x111b" />
							</cell>
							<cell>
								<control id="email_address" window_id="0x1018" />
							</cell>
							<cell>
								<control id="lbl_display_as" window_id="0x11c6" />
							</cell>
							<cell>
								<control id="display_as" window_id="0x101c" />
							</cell>
							<cell>
								<control id="lbl_web_page" window_id="0x11aa" />
							</cell>
							<cell>
								<control id="web_page" window_id="0x11a9" />
							</cell>
							<cell>
								<control id="lbl_im_address" window_id="0x11ba" />
							</cell>
							<cell>
								<control id="im_address" window_id="0x1016" />
							</cell>
							<cell>
								<control id="phone_numbers_header" window_id="0x11a5" />
							</cell>
							<cell>
								<control id="phone_numbers_separator" window_id="0x11A1" />
							</cell>
							<cell>
								<control id="btn_business_phone" window_id="0x1113" />
							</cell>
							<cell>
								<control id="btn_business_phone_selector" window_id="0x110a" />
							</cell>
							<cell>
								<control id="business_phone" window_id="0x1001" />
							</cell>
							<cell>
								<control id="btn_home_phone" window_id="0x1114" />
							</cell>
							<cell>
								<control id="btn_home_phone_selector" window_id="0x110b" />
							</cell>
							<cell>
								<control id="home_phone" window_id="0x1002" />
							</cell>
							<cell>
								<control id="btn_business_fax" window_id="0x1115" />
							</cell>
							<cell>
								<control id="btn_business_fax_selector" window_id="0x110c" />
							</cell>
							<cell>
								<control id="business_fax" window_id="0x1003" />
							</cell>
							<cell>
								<control id="btn_mobile_phone" window_id="0x1116" />
							</cell>
							<cell>
								<control id="btn_mobile_phone_selector" window_id="0x110d" />
							</cell>
							<cell>
								<control id="mobile_phone" window_id="0x1004" />
							</cell>
							<cell>
								<control id="address_header" window_id="0x11a7" />
							</cell>
							<cell>
								<control id="address_separator" window_id="0x11a8" />
							</cell>
							<cell>
								<control id="btn_address" window_id="0x6f2b" />
							</cell>
							<cell>
								<control id="btn_address_selector" window_id="0x1109" />
							</cell>
							<cell>
								<control id="address" window_id="0x1017" />
							</cell>
							<cell>
								<control id="mailing_address" window_id="0x1080" />
							</cell>
							<cell>
								<control id="business_card" window_id="0x11c7" />
							</cell>
							<cell>
								<control id="head_notes" window_id="0x11a6" />
							</cell>
							<cell>
								<control id="notes_separator" window_id="0x11b7" />
							</cell>
							<cell>
								<control id="0x0200" window_id="0x0200"/>
							</cell>
							<cell>
								<control id="0x10A3" window_id="0x10A3"/>
							</cell>
							<cell>
								<control id="0x10A4" window_id="0x10A4"/>
							</cell>
							<cell>
								<control id="0x201" window_id="0x201"/>
							</cell>
							<cell>
								<control id="0x202" window_id="0x202"/>
							</cell>
							<cell>
								<control id="0x206" window_id="0x206"/>
							</cell>
							<cell>
								<control id="0x204" window_id="0x204"/>
							</cell>
							<cell>
								<control id="0x10A6" window_id="0x10A6"/>
							</cell>
						</stack>
					</cell>
				</stack>
			</cell>
		</page>
	</form>
	<form id="GC Mail">
		<script>
			<![CDATA[
				include("forms.js", "forms");
				var ctx = {
					"application": application,
					"ui": ui,
					"application_script": application_script,
					"form": form
				};
				var current_form = new forms.form_mail(forms.create_form_ctx(ctx));
			]]>
		</script>
		<info_bar size="180">
			<stack layout="vert" rollup="true">
				<cell size="60">
					<subform id="mail_subform" visible="false">
						<cell size="80">
							<stack layout="vert" spacing="5" padding="2">
								<cell size="34">
									<gradient_checkbox id="share_chk" tab_order="101">
										<field>Shared</field>
										<text>:[:(Title):]</text>
									</gradient_checkbox>
								</cell>
								<cell size="21">
									<stack layout="horz">
										<cell>
											<stack layout="horz" spacing="5" padding="11">
												<cell size="85">
													<static id="0x40031">
														<text>#lbl_Account</text>
													</static>
												</cell>
												<cell>
													<scriptable_autocomplete id="account_id" tab_order="3"/>
												</cell>
												<!--<cell size="21" attraction="far">
													<button id="btn_account_remote" image="open_remote_img:16" tab_order="4" visible="false">
														<text>...</text>
													</button>
												</cell>-->
												<cell size="21" attraction="far">
													<button id="btn_account_select" image="lookup_button" tab_order="5">
														<text>...</text>
													</button>
												</cell>
											</stack>
										</cell>
										<cell>
											<stack layout="horz" spacing="5" padding="11">
												<cell size="100">
													<static id="0x40031">
														<text>#lbl_Opportunity</text>
													</static>
												</cell>
												<cell>
													<scriptable_autocomplete id="opportunity_id" tab_order="15"/>
												</cell>
												<!--<cell size="21" attraction="far">
													<button id="btn_opportunity_remote" image="open_remote_img:16" tab_order="16" visible="false">
														<text>...</text>
													</button>
												</cell>-->
												<cell size="21" attraction="far">
													<button id="btn_opportunity_select" image="lookup_button" tab_order="17">
														<text>...</text>
													</button>
												</cell>
											</stack>
										</cell>
									</stack>
								</cell>
							</stack>
						</cell>
					</subform>
				</cell>
			</stack>
		</info_bar>
	</form>
	<form id="GC City">
		<script>
			<![CDATA[ 
					include("forms.js", "forms");
					var ctx = {
						"application": application,
						"ui": ui,
						"application_script": application_script,
						"form": form
					};
					var current_form = new forms.form_city(forms.create_form_ctx(ctx));
				]]>
		</script>
		<page id="General" min_height="300" min_width="300">
			<cell>
				<stack layout="horz" padding="5">
					<cell>
						<stack layout="vert" padding="5">
							<cell size="5"></cell>
							<cell size="80">
								<stack layout="horz">
									<cell attraction="far" size="5"/>
									<cell>
										<stack layout="vert">
											<cell size="21">
												<stack layout="horz" spacing="5">
													<cell size="100">
														<static id="0x40031">
															<text>#lbl_city_Name</text>
														</static>
													</cell>
													<cell>
														<edit id="name_id" tab_order="1">
															<field value="string">Name</field>
														</edit>
													</cell>
												</stack>
											</cell>
											<cell size="5"></cell>
											<cell size="21">
												<stack layout="horz" spacing="5">
													<cell size="100">
														<static id="0x40031">
															<text>#lbl_Country</text>
														</static>
													</cell>
													<cell>
														<stack layout="horz" spacing="3">
															<cell>
																<scriptable_autocomplete id="country_id" tab_order="2"/>
															</cell>
															<cell size="21" attraction="far">
																<button id="btn_country_select" image="lookup_button">
																	<text>...</text>
																</button>
															</cell>
														</stack>
													</cell>
												</stack>
											</cell>
											<cell size="5"></cell>
											<cell size="21">
												<stack layout="horz" spacing="5">
													<cell size="100">
														<static id="0x40031">
															<text>#lbl_Region</text>
														</static>
													</cell>
													<cell>
														<stack layout="horz" spacing="3">
															<cell>
																<scriptable_autocomplete id="region_id" tab_order="3"/>
															</cell>
															<cell size="21" attraction="far">
																<button id="btn_region_select" image="lookup_button">
																	<text>...</text>
																</button>
															</cell>
														</stack>
													</cell>
												</stack>
											</cell>
											<cell size="5"></cell>
											<cell size="61">
												<stack layout="horz" spacing="5">
													<cell size="100">
														<static id="0x40031">
															<text>#lbl_city_Description</text>
														</static>
													</cell>
													<cell>
														<edit id="description_id" tab_order="4">
															<field value="string">Description</field>
														</edit>
													</cell>
												</stack>
											</cell>
										</stack>
									</cell>
								</stack>
							</cell>
						</stack>
					</cell>
					<cell size="0">
						<stack layout="horz">
							<cell>
								<control id="0x11C3" window_id="0x11C3"/>
							</cell>
							<cell>
								<control id="0x111C" window_id="0x111C"/>
							</cell>
							<cell>
								<control id="btn_full_name" window_id="0x6f2a" />
							</cell>
							<cell>
								<control id="full_name_edit" window_id="0x1000" />
							</cell>
							<cell>
								<control id="contact_picture" window_id="0x1108" />
							</cell>
							<cell>
								<control id="lbl_company" window_id="0x11a2" />
							</cell>
							<cell>
								<control id="company" window_id="0x1181" />
							</cell>
							<cell>
								<control id="lbl_job_title" window_id="0x11a3" />
							</cell>
							<cell>
								<control id="job_title" window_id="0x1180" />
							</cell>
							<cell>
								<control id="lbl_file_as" window_id="0x11a4" />
							</cell>
							<cell>
								<control id="file_as" window_id="0x1182" />
							</cell>
							<cell>
								<control id="internet_header" window_id="0x11bb" />
							</cell>
							<cell>
								<control id="internet_separator" window_id="0x11c5" />
							</cell>
							<cell>
								<control id="btn_email_addressbook" window_id="0x1101" />
							</cell>
							<cell>
								<control id="btn_email_address_selector" window_id="0x111b" />
							</cell>
							<cell>
								<control id="email_address" window_id="0x1018" />
							</cell>
							<cell>
								<control id="lbl_display_as" window_id="0x11c6" />
							</cell>
							<cell>
								<control id="display_as" window_id="0x101c" />
							</cell>
							<cell>
								<control id="lbl_web_page" window_id="0x11aa" />
							</cell>
							<cell>
								<control id="web_page" window_id="0x11a9" />
							</cell>
							<cell>
								<control id="lbl_im_address" window_id="0x11ba" />
							</cell>
							<cell>
								<control id="im_address" window_id="0x1016" />
							</cell>
							<cell>
								<control id="phone_numbers_header" window_id="0x11a5" />
							</cell>
							<cell>
								<control id="phone_numbers_separator" window_id="0x11A1" />
							</cell>
							<cell>
								<control id="btn_business_phone" window_id="0x1113" />
							</cell>
							<cell>
								<control id="btn_business_phone_selector" window_id="0x110a" />
							</cell>
							<cell>
								<control id="business_phone" window_id="0x1001" />
							</cell>
							<cell>
								<control id="btn_home_phone" window_id="0x1114" />
							</cell>
							<cell>
								<control id="btn_home_phone_selector" window_id="0x110b" />
							</cell>
							<cell>
								<control id="home_phone" window_id="0x1002" />
							</cell>
							<cell>
								<control id="btn_business_fax" window_id="0x1115" />
							</cell>
							<cell>
								<control id="btn_business_fax_selector" window_id="0x110c" />
							</cell>
							<cell>
								<control id="business_fax" window_id="0x1003" />
							</cell>
							<cell>
								<control id="btn_mobile_phone" window_id="0x1116" />
							</cell>
							<cell>
								<control id="btn_mobile_phone_selector" window_id="0x110d" />
							</cell>
							<cell>
								<control id="mobile_phone" window_id="0x1004" />
							</cell>
							<cell>
								<control id="address_header" window_id="0x11a7" />
							</cell>
							<cell>
								<control id="address_separator" window_id="0x11a8" />
							</cell>
							<cell>
								<control id="btn_address" window_id="0x6f2b" />
							</cell>
							<cell>
								<control id="btn_address_selector" window_id="0x1109" />
							</cell>
							<cell>
								<control id="address" window_id="0x1017" />
							</cell>
							<cell>
								<control id="mailing_address" window_id="0x1080" />
							</cell>
							<cell>
								<control id="business_card" window_id="0x11c7" />
							</cell>
							<cell>
								<control id="head_notes" window_id="0x11a6" />
							</cell>
							<cell>
								<control id="notes_separator" window_id="0x11b7" />
							</cell>
							<cell>
								<control id="0x0200" window_id="0x0200"/>
							</cell>
							<cell>
								<control id="0x10A3" window_id="0x10A3"/>
							</cell>
							<cell>
								<control id="0x10A4" window_id="0x10A4"/>
							</cell>
							<cell>
								<control id="0x201" window_id="0x201"/>
							</cell>
							<cell>
								<control id="0x202" window_id="0x202"/>
							</cell>
							<cell>
								<control id="0x206" window_id="0x206"/>
							</cell>
							<cell>
								<control id="0x204" window_id="0x204"/>
							</cell>
							<cell>
								<control id="0x103F" window_id="0x103F"/>
							</cell>
						</stack>
					</cell>
				</stack>
			</cell>
		</page>
	</form>
	<form id="GC Region">
		<script>
			<![CDATA[ 
					include("forms.js", "forms");
					var ctx = {
						"application": application,
						"ui": ui,
						"application_script": application_script,
						"form": form
					};
					var current_form = new forms.form_region(forms.create_form_ctx(ctx));
				]]>
		</script>
		<page id="General" min_height="300" min_width="300">
			<cell>
				<stack layout="horz" padding="5">
					<cell>
						<stack layout="vert" padding="5">
							<cell size="5"></cell>
							<cell size="80">
								<stack layout="horz">
									<cell attraction="far" size="5"/>
									<cell>
										<stack layout="vert">
											<cell size="21">
												<stack layout="horz" spacing="5">
													<cell size="100">
														<static id="0x40031">
															<text>#lbl_region_Name</text>
														</static>
													</cell>
													<cell>
														<edit id="name_id" tab_order="1">
															<field value="string">Name</field>
														</edit>
													</cell>
												</stack>
											</cell>
											<cell size="5"></cell>
											<cell size="21">
												<stack layout="horz" spacing="5">
													<cell size="100">
														<static id="0x40031">
															<text>#lbl_Country</text>
														</static>
													</cell>
													<cell>
														<stack layout="horz" spacing="3">
															<cell>
																<scriptable_autocomplete id="country_id" tab_order="2"/>
															</cell>
															<cell size="21" attraction="far">
																<button id="btn_country_select" image="lookup_button">
																	<text>...</text>
																</button>
															</cell>
														</stack>
													</cell>
												</stack>
											</cell>
											<cell size="5"></cell>
											<cell size="61">
												<stack layout="horz" spacing="5">
													<cell size="100">
														<static id="0x40031">
															<text>#lbl_region_Description</text>
														</static>
													</cell>
													<cell>
														<edit id="description_id" tab_order="4">
															<field value="string">Description</field>
														</edit>
													</cell>
												</stack>
											</cell>
										</stack>
									</cell>
								</stack>
							</cell>
						</stack>
					</cell>
					<cell size="0">
						<stack layout="horz">
							<cell>
								<control id="0x11C3" window_id="0x11C3"/>
							</cell>
							<cell>
								<control id="0x111C" window_id="0x111C"/>
							</cell>
							<cell>
								<control id="btn_full_name" window_id="0x6f2a" />
							</cell>
							<cell>
								<control id="full_name_edit" window_id="0x1000" />
							</cell>
							<cell>
								<control id="contact_picture" window_id="0x1108" />
							</cell>
							<cell>
								<control id="lbl_company" window_id="0x11a2" />
							</cell>
							<cell>
								<control id="company" window_id="0x1181" />
							</cell>
							<cell>
								<control id="lbl_job_title" window_id="0x11a3" />
							</cell>
							<cell>
								<control id="job_title" window_id="0x1180" />
							</cell>
							<cell>
								<control id="lbl_file_as" window_id="0x11a4" />
							</cell>
							<cell>
								<control id="file_as" window_id="0x1182" />
							</cell>
							<cell>
								<control id="internet_header" window_id="0x11bb" />
							</cell>
							<cell>
								<control id="internet_separator" window_id="0x11c5" />
							</cell>
							<cell>
								<control id="btn_email_addressbook" window_id="0x1101" />
							</cell>
							<cell>
								<control id="btn_email_address_selector" window_id="0x111b" />
							</cell>
							<cell>
								<control id="email_address" window_id="0x1018" />
							</cell>
							<cell>
								<control id="lbl_display_as" window_id="0x11c6" />
							</cell>
							<cell>
								<control id="display_as" window_id="0x101c" />
							</cell>
							<cell>
								<control id="lbl_web_page" window_id="0x11aa" />
							</cell>
							<cell>
								<control id="web_page" window_id="0x11a9" />
							</cell>
							<cell>
								<control id="lbl_im_address" window_id="0x11ba" />
							</cell>
							<cell>
								<control id="im_address" window_id="0x1016" />
							</cell>
							<cell>
								<control id="phone_numbers_header" window_id="0x11a5" />
							</cell>
							<cell>
								<control id="phone_numbers_separator" window_id="0x11A1" />
							</cell>
							<cell>
								<control id="btn_business_phone" window_id="0x1113" />
							</cell>
							<cell>
								<control id="btn_business_phone_selector" window_id="0x110a" />
							</cell>
							<cell>
								<control id="business_phone" window_id="0x1001" />
							</cell>
							<cell>
								<control id="btn_home_phone" window_id="0x1114" />
							</cell>
							<cell>
								<control id="btn_home_phone_selector" window_id="0x110b" />
							</cell>
							<cell>
								<control id="home_phone" window_id="0x1002" />
							</cell>
							<cell>
								<control id="btn_business_fax" window_id="0x1115" />
							</cell>
							<cell>
								<control id="btn_business_fax_selector" window_id="0x110c" />
							</cell>
							<cell>
								<control id="business_fax" window_id="0x1003" />
							</cell>
							<cell>
								<control id="btn_mobile_phone" window_id="0x1116" />
							</cell>
							<cell>
								<control id="btn_mobile_phone_selector" window_id="0x110d" />
							</cell>
							<cell>
								<control id="mobile_phone" window_id="0x1004" />
							</cell>
							<cell>
								<control id="address_header" window_id="0x11a7" />
							</cell>
							<cell>
								<control id="address_separator" window_id="0x11a8" />
							</cell>
							<cell>
								<control id="btn_address" window_id="0x6f2b" />
							</cell>
							<cell>
								<control id="btn_address_selector" window_id="0x1109" />
							</cell>
							<cell>
								<control id="address" window_id="0x1017" />
							</cell>
							<cell>
								<control id="mailing_address" window_id="0x1080" />
							</cell>
							<cell>
								<control id="business_card" window_id="0x11c7" />
							</cell>
							<cell>
								<control id="head_notes" window_id="0x11a6" />
							</cell>
							<cell>
								<control id="notes_separator" window_id="0x11b7" />
							</cell>
							<cell>
								<control id="0x0200" window_id="0x0200"/>
							</cell>
							<cell>
								<control id="0x10A3" window_id="0x10A3"/>
							</cell>
							<cell>
								<control id="0x10A4" window_id="0x10A4"/>
							</cell>
							<cell>
								<control id="0x201" window_id="0x201"/>
							</cell>
							<cell>
								<control id="0x202" window_id="0x202"/>
							</cell>
							<cell>
								<control id="0x206" window_id="0x206"/>
							</cell>
							<cell>
								<control id="0x204" window_id="0x204"/>
							</cell>
							<cell>
								<control id="0x103F" window_id="0x103F"/>
							</cell>
						</stack>
					</cell>
				</stack>
			</cell>
		</page>
	</form>
	<form id="GC Country">
		<script>
			<![CDATA[ 
					include("forms.js", "forms");
					var ctx = {
						"application": application,
						"ui": ui,
						"application_script": application_script,
						"form": form
					};
					var current_form = new forms.form_country(forms.create_form_ctx(ctx));
				]]>
		</script>
		<page id="General" min_height="300" min_width="300">
			<cell>
				<stack layout="horz" padding="5">
					<cell>
						<stack layout="vert" padding="5">
							<cell size="5"></cell>
							<cell size="80">
								<stack layout="horz">
									<cell attraction="far" size="5"/>
									<cell>
										<stack layout="vert">
											<cell size="21">
												<stack layout="horz" spacing="5">
													<cell size="100">
														<static id="0x40031">
															<text>#lbl_country_Name</text>
														</static>
													</cell>
													<cell>
														<edit id="name_id" tab_order="1">
															<field value="string">Name</field>
														</edit>
													</cell>
												</stack>
											</cell>
											<cell size="5"></cell>
											<cell size="61">
												<stack layout="horz" spacing="5">
													<cell size="100">
														<static id="0x40031">
															<text>#lbl_country_Description</text>
														</static>
													</cell>
													<cell>
														<edit id="description_id" tab_order="4">
															<field value="string">Description</field>
														</edit>
													</cell>
												</stack>
											</cell>
										</stack>
									</cell>
								</stack>
							</cell>
						</stack>
					</cell>
					<cell size="0">
						<stack layout="horz">
							<cell>
								<control id="0x11C3" window_id="0x11C3"/>
							</cell>
							<cell>
								<control id="0x111C" window_id="0x111C"/>
							</cell>
							<cell>
								<control id="btn_full_name" window_id="0x6f2a" />
							</cell>
							<cell>
								<control id="full_name_edit" window_id="0x1000" />
							</cell>
							<cell>
								<control id="contact_picture" window_id="0x1108" />
							</cell>
							<cell>
								<control id="lbl_company" window_id="0x11a2" />
							</cell>
							<cell>
								<control id="company" window_id="0x1181" />
							</cell>
							<cell>
								<control id="lbl_job_title" window_id="0x11a3" />
							</cell>
							<cell>
								<control id="job_title" window_id="0x1180" />
							</cell>
							<cell>
								<control id="lbl_file_as" window_id="0x11a4" />
							</cell>
							<cell>
								<control id="file_as" window_id="0x1182" />
							</cell>
							<cell>
								<control id="internet_header" window_id="0x11bb" />
							</cell>
							<cell>
								<control id="internet_separator" window_id="0x11c5" />
							</cell>
							<cell>
								<control id="btn_email_addressbook" window_id="0x1101" />
							</cell>
							<cell>
								<control id="btn_email_address_selector" window_id="0x111b" />
							</cell>
							<cell>
								<control id="email_address" window_id="0x1018" />
							</cell>
							<cell>
								<control id="lbl_display_as" window_id="0x11c6" />
							</cell>
							<cell>
								<control id="display_as" window_id="0x101c" />
							</cell>
							<cell>
								<control id="lbl_web_page" window_id="0x11aa" />
							</cell>
							<cell>
								<control id="web_page" window_id="0x11a9" />
							</cell>
							<cell>
								<control id="lbl_im_address" window_id="0x11ba" />
							</cell>
							<cell>
								<control id="im_address" window_id="0x1016" />
							</cell>
							<cell>
								<control id="phone_numbers_header" window_id="0x11a5" />
							</cell>
							<cell>
								<control id="phone_numbers_separator" window_id="0x11A1" />
							</cell>
							<cell>
								<control id="btn_business_phone" window_id="0x1113" />
							</cell>
							<cell>
								<control id="btn_business_phone_selector" window_id="0x110a" />
							</cell>
							<cell>
								<control id="business_phone" window_id="0x1001" />
							</cell>
							<cell>
								<control id="btn_home_phone" window_id="0x1114" />
							</cell>
							<cell>
								<control id="btn_home_phone_selector" window_id="0x110b" />
							</cell>
							<cell>
								<control id="home_phone" window_id="0x1002" />
							</cell>
							<cell>
								<control id="btn_business_fax" window_id="0x1115" />
							</cell>
							<cell>
								<control id="btn_business_fax_selector" window_id="0x110c" />
							</cell>
							<cell>
								<control id="business_fax" window_id="0x1003" />
							</cell>
							<cell>
								<control id="btn_mobile_phone" window_id="0x1116" />
							</cell>
							<cell>
								<control id="btn_mobile_phone_selector" window_id="0x110d" />
							</cell>
							<cell>
								<control id="mobile_phone" window_id="0x1004" />
							</cell>
							<cell>
								<control id="address_header" window_id="0x11a7" />
							</cell>
							<cell>
								<control id="address_separator" window_id="0x11a8" />
							</cell>
							<cell>
								<control id="btn_address" window_id="0x6f2b" />
							</cell>
							<cell>
								<control id="btn_address_selector" window_id="0x1109" />
							</cell>
							<cell>
								<control id="address" window_id="0x1017" />
							</cell>
							<cell>
								<control id="mailing_address" window_id="0x1080" />
							</cell>
							<cell>
								<control id="business_card" window_id="0x11c7" />
							</cell>
							<cell>
								<control id="head_notes" window_id="0x11a6" />
							</cell>
							<cell>
								<control id="notes_separator" window_id="0x11b7" />
							</cell>
							<cell>
								<control id="0x0200" window_id="0x0200"/>
							</cell>
							<cell>
								<control id="0x10A3" window_id="0x10A3"/>
							</cell>
							<cell>
								<control id="0x10A4" window_id="0x10A4"/>
							</cell>
							<cell>
								<control id="0x201" window_id="0x201"/>
							</cell>
							<cell>
								<control id="0x202" window_id="0x202"/>
							</cell>
							<cell>
								<control id="0x206" window_id="0x206"/>
							</cell>
							<cell>
								<control id="0x204" window_id="0x204"/>
							</cell>
							<cell>
								<control id="0x103F" window_id="0x103F"/>
							</cell>
						</stack>
					</cell>
				</stack>
			</cell>
		</page>
	</form>
	<form id="GC Job">
		<script>
			<![CDATA[ 
					include("forms.js", "forms");
					var ctx = {
						"application": application,
						"ui": ui,
						"application_script": application_script,
						"form": form
					};
					var current_form = new forms.form_job(forms.create_form_ctx(ctx));
				]]>
		</script>
		<page id="General" min_height="300" min_width="300">
			<cell>
				<stack layout="horz" padding="5">
					<cell>
						<stack layout="vert" padding="5">
							<cell size="5"></cell>
							<cell size="80">
								<stack layout="horz">
									<cell attraction="far" size="5"/>
									<cell>
										<stack layout="vert">
											<cell size="21">
												<stack layout="horz" spacing="5">
													<cell size="100">
														<static id="0x40031">
															<text>#lbl_job_Name</text>
														</static>
													</cell>
													<cell>
														<edit id="name_id" tab_order="1">
															<field value="string">Name</field>
														</edit>
													</cell>
												</stack>
											</cell>
											<cell size="5"></cell>
											<cell size="61">
												<stack layout="horz" spacing="5">
													<cell size="100">
														<static id="0x40031">
															<text>#lbl_job_Description</text>
														</static>
													</cell>
													<cell>
														<edit id="description_id" tab_order="4">
															<field value="string">Description</field>
														</edit>
													</cell>
												</stack>
											</cell>
										</stack>
									</cell>
								</stack>
							</cell>
						</stack>
					</cell>
					<cell size="0">
						<stack layout="horz">
							<cell>
								<control id="0x11C3" window_id="0x11C3"/>
							</cell>
							<cell>
								<control id="0x111C" window_id="0x111C"/>
							</cell>
							<cell>
								<control id="btn_full_name" window_id="0x6f2a" />
							</cell>
							<cell>
								<control id="full_name_edit" window_id="0x1000" />
							</cell>
							<cell>
								<control id="contact_picture" window_id="0x1108" />
							</cell>
							<cell>
								<control id="lbl_company" window_id="0x11a2" />
							</cell>
							<cell>
								<control id="company" window_id="0x1181" />
							</cell>
							<cell>
								<control id="lbl_job_title" window_id="0x11a3" />
							</cell>
							<cell>
								<control id="job_title" window_id="0x1180" />
							</cell>
							<cell>
								<control id="lbl_file_as" window_id="0x11a4" />
							</cell>
							<cell>
								<control id="file_as" window_id="0x1182" />
							</cell>
							<cell>
								<control id="internet_header" window_id="0x11bb" />
							</cell>
							<cell>
								<control id="internet_separator" window_id="0x11c5" />
							</cell>
							<cell>
								<control id="btn_email_addressbook" window_id="0x1101" />
							</cell>
							<cell>
								<control id="btn_email_address_selector" window_id="0x111b" />
							</cell>
							<cell>
								<control id="email_address" window_id="0x1018" />
							</cell>
							<cell>
								<control id="lbl_display_as" window_id="0x11c6" />
							</cell>
							<cell>
								<control id="display_as" window_id="0x101c" />
							</cell>
							<cell>
								<control id="lbl_web_page" window_id="0x11aa" />
							</cell>
							<cell>
								<control id="web_page" window_id="0x11a9" />
							</cell>
							<cell>
								<control id="lbl_im_address" window_id="0x11ba" />
							</cell>
							<cell>
								<control id="im_address" window_id="0x1016" />
							</cell>
							<cell>
								<control id="phone_numbers_header" window_id="0x11a5" />
							</cell>
							<cell>
								<control id="phone_numbers_separator" window_id="0x11A1" />
							</cell>
							<cell>
								<control id="btn_business_phone" window_id="0x1113" />
							</cell>
							<cell>
								<control id="btn_business_phone_selector" window_id="0x110a" />
							</cell>
							<cell>
								<control id="business_phone" window_id="0x1001" />
							</cell>
							<cell>
								<control id="btn_home_phone" window_id="0x1114" />
							</cell>
							<cell>
								<control id="btn_home_phone_selector" window_id="0x110b" />
							</cell>
							<cell>
								<control id="home_phone" window_id="0x1002" />
							</cell>
							<cell>
								<control id="btn_business_fax" window_id="0x1115" />
							</cell>
							<cell>
								<control id="btn_business_fax_selector" window_id="0x110c" />
							</cell>
							<cell>
								<control id="business_fax" window_id="0x1003" />
							</cell>
							<cell>
								<control id="btn_mobile_phone" window_id="0x1116" />
							</cell>
							<cell>
								<control id="btn_mobile_phone_selector" window_id="0x110d" />
							</cell>
							<cell>
								<control id="mobile_phone" window_id="0x1004" />
							</cell>
							<cell>
								<control id="address_header" window_id="0x11a7" />
							</cell>
							<cell>
								<control id="address_separator" window_id="0x11a8" />
							</cell>
							<cell>
								<control id="btn_address" window_id="0x6f2b" />
							</cell>
							<cell>
								<control id="btn_address_selector" window_id="0x1109" />
							</cell>
							<cell>
								<control id="address" window_id="0x1017" />
							</cell>
							<cell>
								<control id="mailing_address" window_id="0x1080" />
							</cell>
							<cell>
								<control id="business_card" window_id="0x11c7" />
							</cell>
							<cell>
								<control id="head_notes" window_id="0x11a6" />
							</cell>
							<cell>
								<control id="notes_separator" window_id="0x11b7" />
							</cell>
							<cell>
								<control id="0x0200" window_id="0x0200"/>
							</cell>
							<cell>
								<control id="0x10A3" window_id="0x10A3"/>
							</cell>
							<cell>
								<control id="0x10A4" window_id="0x10A4"/>
							</cell>
							<cell>
								<control id="0x201" window_id="0x201"/>
							</cell>
							<cell>
								<control id="0x202" window_id="0x202"/>
							</cell>
							<cell>
								<control id="0x206" window_id="0x206"/>
							</cell>
							<cell>
								<control id="0x204" window_id="0x204"/>
							</cell>
							<cell>
								<control id="0x103F" window_id="0x103F"/>
							</cell>
						</stack>
					</cell>
				</stack>
			</cell>
		</page>
	</form>
	<form id="GC Task">
		<script>
			<![CDATA[ 
				include("forms.js", "forms");
				var ctx = {
					"application": application,
					"ui": ui,
					"application_script": application_script,
					"form": form
				};
				var current_form = new forms.form_task(forms.create_form_ctx(ctx));
			]]>
		</script>
		<info_bar size="60">
			<stack layout="vert" rollup="true" spacing="5" padding="2">
				<cell size="34">
					<gradient_checkbox id="share_task" tab_order="1">
						<field>Shared</field>
						<text>:[:(Title):]</text>
					</gradient_checkbox>
				</cell>
				<cell size="24">
					<stack layout="vert" spacing="5" padding="5">
						<cell size="21">
							<stack layout="horz">
								<cell>
									<stack layout="horz" spacing="5" padding="6">
										<cell size="85">
											<static id="0x40031">
												<text>#lbl_Account</text>
											</static>
										</cell>
										<cell>
											<scriptable_autocomplete id="account_id" tab_order="3"/>
										</cell>
										<!--<cell size="21" attraction="far">
											<button id="btn_account_remote" image="open_remote_img:16" tab_order="4" visible="false">
												<text>...</text>
											</button>
										</cell>-->
										<cell size="21" attraction="far">
											<button id="btn_account_select" image="lookup_button" tab_order="5">
												<text>...</text>
											</button>
										</cell>
									</stack>
								</cell>
								<cell>
									<stack layout="horz" spacing="5" padding="6">
										<cell size="100">
											<static id="0x40031">
												<text>#lbl_Opportunity</text>
											</static>
										</cell>
										<cell>
											<scriptable_autocomplete id="opportunity_id" tab_order="15"/>
										</cell>
										<!--<cell size="21" attraction="far">
											<button id="btn_opportunity_remote" image="open_remote_img:16" tab_order="16" visible="false">
												<text>...</text>
											</button>
										</cell>-->
										<cell size="21" attraction="far">
											<button id="btn_opportunity_select" image="lookup_button" tab_order="17">
												<text>...</text>
											</button>
										</cell>
									</stack>
								</cell>
							</stack>
						</cell>
					</stack>
				</cell>
			</stack>
		</info_bar>
	</form>
	<form id="GC Appointment">
		<script>
			<![CDATA[ 
				include("forms.js", "forms");
				var ctx = {
					"application": application,
					"ui": ui,
					"application_script": application_script,
					"form": form
				};
				var current_form = new forms.form_appointment(forms.create_form_ctx(ctx));
			]]>
		</script>
		<info_bar size="80">
			<stack layout="vert" rollup="true" spacing="5" padding="2">
				<cell size="34">
					<gradient_checkbox id="share_task" tab_order="1">
						<field>Shared</field>
						<text>:[:(Title):]</text>
					</gradient_checkbox>
				</cell>
				<cell size="24">
					<stack layout="vert" spacing="5" padding="5">
						<cell size="21">
							<stack layout="horz">
								<cell>
									<stack layout="horz" spacing="5" padding="6">
										<cell size="85">
											<static id="0x40031">
												<text>#lbl_Account</text>
											</static>
										</cell>
										<cell>
											<scriptable_autocomplete id="account_id" tab_order="3"/>
										</cell>
										<!--<cell size="21" attraction="far">
											<button id="btn_account_remote" image="open_remote_img:16" tab_order="4" visible="false">
												<text>...</text>
											</button>
										</cell>-->
										<cell size="21" attraction="far">
											<button id="btn_account_select" image="lookup_button" tab_order="5">
												<text>...</text>
											</button>
										</cell>
									</stack>
								</cell>
								<cell>
									<stack layout="horz" spacing="5" padding="6">
										<cell size="100">
											<static id="0x40031">
												<text>#lbl_Opportunity</text>
											</static>
										</cell>
										<cell>
											<scriptable_autocomplete id="opportunity_id" tab_order="15"/>
										</cell>
										<!--<cell size="21" attraction="far">
											<button id="btn_opportunity_remote" image="open_remote_img:16" tab_order="16" visible="false">
												<text>...</text>
											</button>
										</cell>-->
										<cell size="21" attraction="far">
											<button id="btn_opportunity_select" image="lookup_button" tab_order="17">
												<text>...</text>
											</button>
										</cell>
									</stack>
								</cell>
							</stack>
						</cell>
					</stack>
				</cell>
			</stack>
		</info_bar>
	</form>
</forms>
