<?xml version="1.0" encoding="utf-8"?>
<sd2_meta>
	<types>
		<type id="::Defaults" predefined_folder="1">
			<form message_class="IPM.Contact.GC.Defaults"/>
			<field id="CurrentUser">
				<reader>
					<mapi_user>
						<user_field id="wb CurrentUser" ol_field_type="1"/>
						<convertor>
							<binary_hexstring/>
						</convertor>
					</mapi_user>
				</reader>
				<writer>
					<outlook_user>
						<user_field id="wb CurrentUser" ol_field_type="1"/>
						<convertor>
							<binary_hexstring/>
						</convertor>
					</outlook_user>
				</writer>
			</field>
		</type>
		<type id="Task" predefined_folder="13">
			<form message_class="IPM.Task.GC.Task" default_in_folder="false" icon="type_image:Task:16" large_icon="type_image:Task:32" display_name="#obj_bpm_task">GC Task</form>
			<alt_messageclasses>
				<alt_messageclass ext="Private" display_name="#obj_bpm_task" icon="type_image:Task.Private:16" large_icon="type_image:Task.Private:32">GC Task</alt_messageclass>
			</alt_messageclasses>
			<upgrade>
				<from message_class="IPM.Task" target_message_class="IPM.Task.GC.Task.Private"/>
			</upgrade>
			<field id="Owner">
				<reader>
					<mapi_user>
						<user_field id="wb Owner" ol_field_type="1"/>
						<convertor>
							<binary_hexstring/>
						</convertor>
					</mapi_user>
				</reader>
				<writer>
					<outlook_user>
						<user_field id="wb Owner" ol_field_type="1"/>
						<convertor>
							<binary_hexstring/>
						</convertor>
					</outlook_user>
				</writer>
			</field>
			<field id="Title">
				<reader>
					<mapi_std>
						<mapi_tag id="0x00370000"/>
						<convertor>
							<string/>
						</convertor>
					</mapi_std>
				</reader>
				<writer>
					<outlook_std>
						<outlook_field id="Subject"/>
						<convertor>
							<string/>
						</convertor>
					</outlook_std>
				</writer>
			</field>
			<field id="StartDate">
				<reader>
					<outlook_std>
						<outlook_field id="StartDate"/>
						<convertor>
							<datetime />
						</convertor>
					</outlook_std>
				</reader>
				<writer>
					<outlook_std>
						<outlook_field id="StartDate"/>
						<convertor>
							<datetime />
						</convertor>
					</outlook_std>
				</writer>
			</field>
			<field id="DueDate">
				<reader>
					<outlook_std>
						<outlook_field id="DueDate"/>
						<convertor>
							<datetime />
						</convertor>
					</outlook_std>
				</reader>
				<writer>
					<outlook_std>
						<outlook_field id="DueDate"/>
						<convertor>
							<datetime />
						</convertor>
					</outlook_std>
				</writer>
			</field>
			<field id="Notes">
				<reader>
					<mapi_std>
						<mapi_tag id="0x10000000"/>
						<convertor>
							<multiline_string/>
						</convertor>
					</mapi_std>
				</reader>
				<writer>
					<outlook_std>
						<outlook_field id="Body"/>
						<convertor>
							<multiline_string/>
						</convertor>
					</outlook_std>
				</writer>
			</field>
			<field id="Shared">
				<reader>
					<mapi_user>
						<user_field id="wb Shared" ol_field_type="6"/>
						<convertor>
							<bool/>
						</convertor>
					</mapi_user>
				</reader>
				<writer>
					<multiwriter>
						<outlook_std>
							<outlook_field id="MessageClass"/>
							<convertor>
								<bool2string>
									<mapping true="IPM.Task.GC.Task" false="IPM.Task.GC.Task.Private"/>
								</bool2string>
							</convertor>
						</outlook_std>
						<outlook_user>
							<user_field id="wb Shared" ol_field_type="6"/>
							<convertor>
								<bool/>
							</convertor>
						</outlook_user>
					</multiwriter>
				</writer>
			</field>
			<field id="Priority">
				<reader>
					<mapi_std>
						<mapi_tag id="0x00260000"/>
						<convertor>
							<picklist_int2string>
								<enum id="-1" value="ac96fa02-7fe6-df11-971b-001d60e938c6"/>
								<enum id="0" value="ab96fa02-7fe6-df11-971b-001d60e938c6"/>
								<enum id="1" value="d625a9fc-7ee6-df11-971b-001d60e938c6"/>
							</picklist_int2string>
						</convertor>
					</mapi_std>
				</reader>
				<writer>
					<outlook_std>
						<outlook_field id="Importance"/>
						<convertor>
							<picklist_string2int>
								<enum id="_default" value="0"/>
								<enum id="0" value="ac96fa02-7fe6-df11-971b-001d60e938c6"/>
								<enum id="1" value="ab96fa02-7fe6-df11-971b-001d60e938c6"/>
								<enum id="2" value="d625a9fc-7ee6-df11-971b-001d60e938c6"/>
							</picklist_string2int>
						</convertor>
					</outlook_std>
				</writer>
			</field>
			<field id="Status">
				<reader>
					<outlook_std>
						<outlook_field id="Status"/>
						<convertor>
							<picklist_int2string>
								<enum id="0" value="384d4b84-58e6-df11-971b-001d60e938c6"/>
								<enum id="1" value="394d4b84-58e6-df11-971b-001d60e938c6"/>
								<enum id="2" value="4bdbb88f-58e6-df11-971b-001d60e938c6"/>
								<enum id="3" value="201cfba8-58e6-df11-971b-001d60e938c6"/>
								<enum id="4" value="201cfba8-58e6-df11-971b-001d60e938c6"/>
							</picklist_int2string>
						</convertor>
					</outlook_std>
				</reader>
				<writer>
					<outlook_std>
						<outlook_field id="Status"/>
						<convertor>
							<picklist_string2int>
								<enum id="_default" value="0"/>
								<enum id="0" value="384d4b84-58e6-df11-971b-001d60e938c6"/>
								<enum id="1" value="394d4b84-58e6-df11-971b-001d60e938c6"/>
								<enum id="2" value="4bdbb88f-58e6-df11-971b-001d60e938c6"/>
								<enum id="3" value="394d4b84-58e6-df11-971b-001d60e938c6"/>
								<enum id="4" value="201cfba8-58e6-df11-971b-001d60e938c6"/>
							</picklist_string2int>
						</convertor>
					</outlook_std>
				</writer>
			</field>
			<field id="Account">
				<reader>
					<mapi_user>
						<user_field id="wb Account" ol_field_type="1"/>
						<convertor>
							<binary_hexstring/>
						</convertor>
					</mapi_user>
				</reader>
				<writer>
					<outlook_user>
						<user_field id="wb Account" ol_field_type="1"/>
						<convertor>
							<binary_hexstring/>
						</convertor>
					</outlook_user>
				</writer>
			</field>
			<field id="Opportunity">
				<reader>
					<mapi_user>
						<user_field id="wb Opportunity" ol_field_type="1"/>
						<convertor>
							<binary_hexstring/>
						</convertor>
					</mapi_user>
				</reader>
				<writer>
					<outlook_user>
						<user_field id="wb Opportunity" ol_field_type="1"/>
						<convertor>
							<binary_hexstring/>
						</convertor>
					</outlook_user>
				</writer>
			</field>
			<field id="SearchKey">
				<reader>
					<mapi_std>
						<mapi_tag id="0x300B0102"></mapi_tag>
						<convertor>
							<binary/>
						</convertor>
					</mapi_std>
				</reader>
			</field>
			<field id="TaskStatus">
				<reader>
					<mapi_user>
						<user_field id="wb TaskStatus" ol_field_type="1"></user_field>
						<convertor>
							<string/>
						</convertor>
					</mapi_user>
				</reader>
				<writer>
					<outlook_user>
						<user_field id="wb TaskStatus" ol_field_type="1"></user_field>
						<convertor>
							<string/>
						</convertor>
					</outlook_user>
				</writer>
			</field>
		</type>
		<type id="Appointment" predefined_folder="9" ver="2">
			<form message_class="IPM.Appointment.GC.Event" default_in_folder="false" icon="type_image:Event:16" large_icon="type_image:Event:32" display_name="#obj_bpm_appointment">GC Appointment</form>
			<alt_messageclasses>
				<alt_messageclass ext="Private" display_name="#obj_bpm_appointment" icon="type_image:Event.Private:16" large_icon="type_image:Event.Private:32">GC Appointment</alt_messageclass>
			</alt_messageclasses>
			<upgrade>
				<from message_class="IPM.Appointment" target_message_class="IPM.Appointment.GC.Event.Private"/>
			</upgrade>
			<field id="Owner">
				<reader>
					<mapi_user>
						<user_field id="wb Owner" ol_field_type="1"/>
						<convertor>
							<binary_hexstring/>
						</convertor>
					</mapi_user>
				</reader>
				<writer>
					<outlook_user>
						<user_field id="wb Owner" ol_field_type="1"/>
						<convertor>
							<binary_hexstring/>
						</convertor>
					</outlook_user>
				</writer>
			</field>
			<field id="Account">
				<reader>
					<mapi_user>
						<user_field id="wb Account" ol_field_type="1"/>
						<convertor>
							<binary_hexstring/>
						</convertor>
					</mapi_user>
				</reader>
				<writer>
					<outlook_user>
						<user_field id="wb Account" ol_field_type="1"/>
						<convertor>
							<binary_hexstring/>
						</convertor>
					</outlook_user>
				</writer>
			</field>
			<field id="Opportunity">
				<reader>
					<mapi_user>
						<user_field id="wb Opportunity" ol_field_type="1"/>
						<convertor>
							<binary_hexstring/>
						</convertor>
					</mapi_user>
				</reader>
				<writer>
					<outlook_user>
						<user_field id="wb Opportunity" ol_field_type="1"/>
						<convertor>
							<binary_hexstring/>
						</convertor>
					</outlook_user>
				</writer>
			</field>
			<field id="Priority">
				<reader>
					<mapi_std>
						<mapi_tag id="0x00260000"/>
						<convertor>
							<picklist_int2string>
								<enum id="-1" value="ac96fa02-7fe6-df11-971b-001d60e938c6"/>
								<enum id="0" value="ab96fa02-7fe6-df11-971b-001d60e938c6"/>
								<enum id="1" value="d625a9fc-7ee6-df11-971b-001d60e938c6"/>
							</picklist_int2string>
						</convertor>
					</mapi_std>
				</reader>
				<writer>
					<outlook_std>
						<outlook_field id="Importance"/>
						<convertor>
							<picklist_string2int>
								<enum id="_default" value="0"/>
								<enum id="0" value="ac96fa02-7fe6-df11-971b-001d60e938c6"/>
								<enum id="1" value="ab96fa02-7fe6-df11-971b-001d60e938c6"/>
								<enum id="2" value="d625a9fc-7ee6-df11-971b-001d60e938c6"/>
							</picklist_string2int>
						</convertor>
					</outlook_std>
				</writer>
			</field>
			<field id="Title">
				<reader>
					<mapi_std>
						<mapi_tag id="0x00370000"/>
						<convertor>
							<string/>
						</convertor>
					</mapi_std>
				</reader>
				<writer>
					<outlook_std>
						<outlook_field id="Subject"/>
						<convertor>
							<string/>
						</convertor>
					</outlook_std>
				</writer>
			</field>
			<field id="Notes">
				<reader>
					<mapi_std>
						<mapi_tag id="0x10000000"/>
						<convertor>
							<multiline_string/>
						</convertor>
					</mapi_std>
				</reader>
				<writer>
					<outlook_std>
						<outlook_field id="Body"/>
						<convertor>
							<multiline_string/>
						</convertor>
					</outlook_std>
				</writer>
			</field>
			<field id="StartDate">
				<reader>
					<outlook_std>
						<outlook_field id="Start"/>
						<convertor>
							<datetime/>
						</convertor>
					</outlook_std>
				</reader>
				<writer>
					<outlook_std>
						<outlook_field id="Start"/>
						<convertor>
							<datetime/>
						</convertor>
					</outlook_std>
				</writer>
			</field>
			<field id="DueDate">
				<reader>
					<outlook_std>
						<outlook_field id="End"/>
						<convertor>
							<datetime/>
						</convertor>
					</outlook_std>
				</reader>
				<writer>
					<outlook_std>
						<outlook_field id="End"/>
						<convertor>
							<datetime/>
						</convertor>
					</outlook_std>
				</writer>
			</field>
			<field id="DurationInMinutes">
				<reader>
					<outlook_std>
						<outlook_field id="Duration"/>
						<convertor>
							<integer/>
						</convertor>
					</outlook_std>
				</reader>
				<writer>
					<custom_event_duration>
						<convertor>
							<integer/>
						</convertor>
					</custom_event_duration>
				</writer>
			</field>
			<field id="ShowInScheduler">
				<reader>
					<mapi_user>
						<user_field id="wb ShowInScheduler" ol_field_type="6"/>
						<convertor>
							<bool/>
						</convertor>
					</mapi_user>
				</reader>
				<writer>
					<outlook_user>
						<user_field id="wb ShowInScheduler" ol_field_type="6"/>
						<convertor>
							<bool/>
						</convertor>
					</outlook_user>
				</writer>
			</field>
			<field id="GlobalActivityID">
				<reader>
					<mapi_user>
						<user_field id="wb GlobalActivityID" ol_field_type="1"/>
						<convertor>
							<string/>
						</convertor>
					</mapi_user>
				</reader>
				<writer>
					<outlook_user>
						<user_field id="wb GlobalActivityID" ol_field_type="1"/>
						<convertor>
							<string/>
						</convertor>
					</outlook_user>
				</writer>
			</field>
			<field id="Shared">
				<reader>
					<mapi_user>
						<user_field id="Shared" ol_field_type="6"/>
						<convertor>
							<bool/>
						</convertor>
					</mapi_user>
				</reader>
				<writer>
					<multiwriter>
						<outlook_std>
							<outlook_field id="MessageClass"/>
							<convertor>
								<bool2string>
									<mapping true="IPM.Appointment.GC.Event" false="IPM.Appointment.GC.Event.Private"/>
								</bool2string>
							</convertor>
						</outlook_std>
						<outlook_user>
							<user_field id="Shared" ol_field_type="6"/>
							<convertor>
								<bool/>
							</convertor>
						</outlook_user>
					</multiwriter>
				</writer>
			</field>
			<field id="SearchKey">
				<reader>
					<mapi_std>
						<mapi_tag id="0x300B0102"></mapi_tag>
						<convertor>
							<binary/>
						</convertor>
					</mapi_std>
				</reader>
			</field>
			<field id="AppointmentStatus">
				<reader>
					<mapi_user>
						<user_field id="wb AppointmentStatus" ol_field_type="1"></user_field>
						<convertor>
							<string/>
						</convertor>
					</mapi_user>
				</reader>
				<writer>
					<outlook_user>
						<user_field id="wb AppointmentStatus" ol_field_type="1"></user_field>
						<convertor>
							<string/>
						</convertor>
					</outlook_user>
				</writer>
			</field>
		</type>
		<type id="Activity" hidden_folder="true" folder_type="10" display_name="Activity" ver="2">
			<form message_class="IPM.Contact.GC.Activity" display_name="obj_bpm_activity" icon="type_image:Generic:16"/>
			<alt_messageclasses>
				<alt_messageclass ext="Shared" display_name="#obj_bpm_activity" icon="type_image:Contact:16" large_icon="type_image:Contact:32"/>
			</alt_messageclasses>
			<upgrade>
				<from message_class="IPM.Contact" target_message_class="IPM.Contact.GC.Activity.Shared"/>
			</upgrade>
			<field id="Sent">
				<reader>
					<mapi_user>
						<user_field id="wb Sent" ol_field_type="6"/>
						<convertor>
							<bool/>
						</convertor>
					</mapi_user>
				</reader>
				<writer>
					<outlook_user>
						<user_field id="wb Sent" ol_field_type="6"/>
						<convertor>
							<bool/>
						</convertor>
					</outlook_user>
				</writer>
			</field>
			<field id="Shared">
				<reader>
					<mapi_user>
						<user_field id="wb Shared" ol_field_type="6"/>
						<convertor>
							<bool/>
						</convertor>
					</mapi_user>
				</reader>
				<writer>
					<multiwriter>
						<outlook_std>
							<outlook_field id="MessageClass"/>
							<convertor>
								<bool2string>
									<mapping true="IPM.Contact.GC.Activity" false="IPM.Contact.GC.Activity.Shared"/>
								</bool2string>
							</convertor>
						</outlook_std>
						<outlook_user>
							<user_field id="wb Shared" ol_field_type="6"/>
							<convertor>
								<bool/>
							</convertor>
						</outlook_user>
					</multiwriter>
				</writer>
			</field>
			<field id="Title">
				<reader>
					<mapi_user>
						<user_field ol_field_type="1" id="wb Title"/>
						<convertor>
							<string/>
						</convertor>
					</mapi_user>
				</reader>
				<writer>
					<outlook_user>
						<user_field ol_field_type="1" id="wb Title"/>
						<convertor>
							<string/>
						</convertor>
					</outlook_user>
				</writer>
			</field>
			<field id="Body">
				<reader>
					<mapi_user>
						<user_field ol_field_type="1" id="wb Body"/>
						<convertor>
							<multiline_string/>
						</convertor>
					</mapi_user>
				</reader>
				<writer>
					<outlook_user>
						<user_field ol_field_type="1" id="wb Body"/>
						<convertor>
							<multiline_string/>
						</convertor>
					</outlook_user>
				</writer>
			</field>
			<field id="IsHtmlBody">
				<reader>
					<mapi_user>
						<user_field id="wb IsHtmlBody" ol_field_type="6"/>
						<convertor>
							<bool/>
						</convertor>
					</mapi_user>
				</reader>
				<writer>
					<outlook_user>
						<user_field id="wb IsHtmlBody" ol_field_type="6"/>
						<convertor>
							<bool/>
						</convertor>
					</outlook_user>
				</writer>
			</field>
			<field id="Sender">
				<reader>
					<mapi_user>
						<user_field id="wb Sender" ol_field_type="1"></user_field>
						<convertor>
							<string/>
						</convertor>
					</mapi_user>
				</reader>
				<writer>
					<outlook_user>
						<user_field id="wb Sender" ol_field_type="1"></user_field>
						<convertor>
							<string/>
						</convertor>
					</outlook_user>
				</writer>
			</field>
			<field id="Recepient">
				<reader>
					<mapi_user>
						<user_field ol_field_type="1" id="wb Recepient"/>
						<convertor>
							<string/>
						</convertor>
					</mapi_user>
				</reader>
				<writer>
					<outlook_user>
						<user_field ol_field_type="1" id="wb Recepient"/>
						<convertor>
							<string/>
						</convertor>
					</outlook_user>
				</writer>
			</field>
			<field id="CopyRecepient">
				<reader>
					<mapi_user>
						<user_field ol_field_type="1" id="wb CopyRecepient"/>
						<convertor>
							<string/>
						</convertor>
					</mapi_user>
				</reader>
				<writer>
					<outlook_user>
						<user_field ol_field_type="1" id="wb CopyRecepient"/>
						<convertor>
							<string/>
						</convertor>
					</outlook_user>
				</writer>
			</field>
			<field id="BlindCopyRecepient">
				<reader>
					<mapi_user>
						<user_field ol_field_type="1" id="wb BlindCopyRecepient"/>
						<convertor>
							<string/>
						</convertor>
					</mapi_user>
				</reader>
				<writer>
					<outlook_user>
						<user_field ol_field_type="1" id="wb BlindCopyRecepient"/>
						<convertor>
							<string/>
						</convertor>
					</outlook_user>
				</writer>
			</field>
			<field id="Account">
				<reader>
					<mapi_user>
						<user_field id="wb Account" ol_field_type="1"/>
						<convertor>
							<binary_hexstring/>
						</convertor>
					</mapi_user>
				</reader>
				<writer>
					<outlook_user>
						<user_field id="wb Account" ol_field_type="1"/>
						<convertor>
							<binary_hexstring/>
						</convertor>
					</outlook_user>
				</writer>
			</field>
			<field id="Owner">
				<reader>
					<mapi_user>
						<user_field id="wb Owner" ol_field_type="1"/>
						<convertor>
							<binary_hexstring/>
						</convertor>
					</mapi_user>
				</reader>
				<writer>
					<outlook_user>
						<user_field id="wb Owner" ol_field_type="1"/>
						<convertor>
							<binary_hexstring/>
						</convertor>
					</outlook_user>
				</writer>
			</field>
			<field id="Opportunity">
				<reader>
					<mapi_user>
						<user_field id="wb Opportunity" ol_field_type="1"/>
						<convertor>
							<binary_hexstring/>
						</convertor>
					</mapi_user>
				</reader>
				<writer>
					<outlook_user>
						<user_field id="wb Opportunity" ol_field_type="1"/>
						<convertor>
							<binary_hexstring/>
						</convertor>
					</outlook_user>
				</writer>
			</field>
			<field id="Contact">
				<reader>
					<mapi_user>
						<user_field id="wb Contact" ol_field_type="1"/>
						<convertor>
							<binary_hexstring/>
						</convertor>
					</mapi_user>
				</reader>
				<writer>
					<outlook_user>
						<user_field id="wb Contact" ol_field_type="1"/>
						<convertor>
							<binary_hexstring/>
						</convertor>
					</outlook_user>
				</writer>
			</field>
			<field id="Status">
				<reader>
					<mapi_user>
						<user_field id="wb Status" ol_field_type="1"></user_field>
						<convertor>
							<string/>
						</convertor>
					</mapi_user>
				</reader>
				<writer>
					<outlook_user>
						<user_field id="wb Status" ol_field_type="1"></user_field>
						<convertor>
							<string/>
						</convertor>
					</outlook_user>
				</writer>
			</field>
			<field id="PIMObjectId">
				<reader>
					<mapi_user>
						<user_field id="wb PIM Object ID" ol_field_type="1"></user_field>
						<convertor>
							<binary_hexstring/>
						</convertor>
					</mapi_user>
				</reader>
				<writer>
					<outlook_user>
						<user_field id="wb PIM Object ID" ol_field_type="1"></user_field>
						<convertor>
							<binary_hexstring/>
						</convertor>
					</outlook_user>
				</writer>
			</field>
			<field id="StartDate">
				<reader>
					<mapi_user>
						<user_field id="wb StartDate" ol_field_type="5"/>
						<convertor>
							<datetime/>
						</convertor>
					</mapi_user>
				</reader>
				<writer>
					<outlook_user>
						<user_field id="wb StartDate" ol_field_type="5"/>
						<convertor>
							<datetime/>
						</convertor>
					</outlook_user>
				</writer>
			</field>
			<field id="DueDate">
				<reader>
					<mapi_user>
						<user_field id="wb DueDate" ol_field_type="5"/>
						<convertor>
							<datetime/>
						</convertor>
					</mapi_user>
				</reader>
				<writer>
					<outlook_user>
						<user_field id="wb DueDate" ol_field_type="5"/>
						<convertor>
							<datetime/>
						</convertor>
					</outlook_user>
				</writer>
			</field>
		</type>
		<type id="ActivityFile" hidden_folder="true" predefined_folder="1">
			<form message_class="IPM.Document"/>
			<field id="Activity">
				<reader>
					<mapi_std>
						<mapi_tag id="0x6FFF0000"></mapi_tag>
						<convertor>
							<binary_hexstring/>
						</convertor>
					</mapi_std>
				</reader>
				<writer>
					<mapi_std>
						<mapi_tag id="0x6FFF0000"></mapi_tag>
						<convertor>
							<binary_hexstring/>
						</convertor>
					</mapi_std>
				</writer>
			</field>
			<field id="Name">
				<reader>
					<mapi_std>
						<mapi_tag id="0x00370000"/>
						<convertor>
							<string/>
						</convertor>
					</mapi_std>
				</reader>
				<writer>
					<outlook_document_filename/>
				</writer>
			</field>
			<field id="Data">
				<reader>
					<outlook_document_content/>
				</reader>
				<writer>
					<outlook_document_content/>
				</writer>
			</field>
			<field id="DUStatus">
				<reader>
					<mapi_std>
						<mapi_tag id="0x6FFE0000"></mapi_tag>
						<convertor>
							<string/>
						</convertor>
					</mapi_std>
				</reader>
				<writer>
					<mapi_std>
						<mapi_tag id="0x6FFE0000"></mapi_tag>
						<convertor>
							<string/>
						</convertor>
					</mapi_std>
				</writer>
			</field>
		</type>
		<type id="ActivityStatus" predefined_folder="1">
			<form message_class="IPM.Contact.GC.ActivityStatus"/>
			<field id="Name">
				<reader>
					<mapi_user>
						<user_field id="wb Name" ol_field_type="1"/>
						<convertor>
							<string/>
						</convertor>
					</mapi_user>
				</reader>
				<writer>
					<outlook_user>
						<user_field id="wb Name" ol_field_type="1"/>
						<convertor>
							<string/>
						</convertor>
					</outlook_user>
				</writer>
			</field>
			<field id="Description">
				<reader>
					<mapi_user>
						<user_field id="wb Description" ol_field_type="1"/>
						<convertor>
							<string/>
						</convertor>
					</mapi_user>
				</reader>
				<writer>
					<outlook_user>
						<user_field id="wb Description" ol_field_type="1"/>
						<convertor>
							<string/>
						</convertor>
					</outlook_user>
				</writer>
			</field>
			<field id="Finish">
				<reader>
					<mapi_user>
						<user_field id="wb Finish" ol_field_type="1"/>
						<convertor>
							<bool/>
						</convertor>
					</mapi_user>
				</reader>
				<writer>
					<outlook_user>
						<user_field id="wb Finish" ol_field_type="1"/>
						<convertor>
							<bool/>
						</convertor>
					</outlook_user>
				</writer>
			</field>
			<field id="SortOrder">
				<reader>
					<mapi_user>
						<user_field id="wb SortOrder" ol_field_type="3"/>
						<convertor>
							<integer/>
						</convertor>
					</mapi_user>
				</reader>
				<writer>
					<outlook_user>
						<user_field id="wb SortOrder" ol_field_type="3"/>
						<convertor>
							<integer/>
						</convertor>
					</outlook_user>
				</writer>
			</field>
			<field id="IsDefault">
				<reader>
					<mapi_user>
						<user_field id="wb IsDefault" ol_field_type="6"/>
						<convertor>
							<bool/>
						</convertor>
					</mapi_user>
				</reader>
				<writer>
					<outlook_user>
						<user_field id="wb IsDefault" ol_field_type="6"/>
						<convertor>
							<bool/>
						</convertor>
					</outlook_user>
				</writer>
			</field>
		</type>
		<type id="Account" predefined_folder="1" ver="2">
			<form message_class="IPM.Contact.GC.Account"/>
			<field id="Name">
				<reader>
					<mapi_user>
						<user_field id="wb AccountName" ol_field_type="1"/>
						<convertor>
							<string/>
						</convertor>
					</mapi_user>
				</reader>
				<writer>
					<outlook_user>
						<user_field id="wb AccountName" ol_field_type="1"/>
						<convertor>
							<string/>
						</convertor>
					</outlook_user>
				</writer>
			</field>
			<field id="Notes">
				<reader>
					<mapi_user>
						<user_field id="wb Description" ol_field_type="1"/>
						<convertor>
							<string/>
						</convertor>
					</mapi_user>
				</reader>
				<writer>
					<outlook_user>
						<user_field id="wb Description" ol_field_type="1"/>
						<convertor>
							<string/>
						</convertor>
					</outlook_user>
				</writer>
			</field>
			<field id="SortOrder">
				<reader>
					<mapi_user>
						<user_field id="wb SortOrder" ol_field_type="3"/>
						<convertor>
							<integer/>
						</convertor>
					</mapi_user>
				</reader>
				<writer>
					<outlook_user>
						<user_field id="wb SortOrder" ol_field_type="3"/>
						<convertor>
							<integer/>
						</convertor>
					</outlook_user>
				</writer>
			</field>
			<field id="IsDefault">
				<reader>
					<mapi_user>
						<user_field id="wb IsDefault" ol_field_type="6"/>
						<convertor>
							<bool/>
						</convertor>
					</mapi_user>
				</reader>
				<writer>
					<outlook_user>
						<user_field id="wb IsDefault" ol_field_type="6"/>
						<convertor>
							<bool/>
						</convertor>
					</outlook_user>
				</writer>
			</field>
		</type>
		<type id="AddressType" predefined_folder="1">
			<form message_class="IPM.Contact.GC.AddressType"/>
			<field id="Name">
				<reader>
					<mapi_user>
						<user_field id="wb Name" ol_field_type="1"/>
						<convertor>
							<string/>
						</convertor>
					</mapi_user>
				</reader>
				<writer>
					<outlook_user>
						<user_field id="wb Name" ol_field_type="1"/>
						<convertor>
							<string/>
						</convertor>
					</outlook_user>
				</writer>
			</field>
			<field id="Description">
				<reader>
					<mapi_user>
						<user_field id="wb Description" ol_field_type="1"/>
						<convertor>
							<string/>
						</convertor>
					</mapi_user>
				</reader>
				<writer>
					<outlook_user>
						<user_field id="wb Description" ol_field_type="1"/>
						<convertor>
							<string/>
						</convertor>
					</outlook_user>
				</writer>
			</field>
			<field id="SortOrder">
				<reader>
					<mapi_user>
						<user_field id="wb SortOrder" ol_field_type="3"/>
						<convertor>
							<integer/>
						</convertor>
					</mapi_user>
				</reader>
				<writer>
					<outlook_user>
						<user_field id="wb SortOrder" ol_field_type="3"/>
						<convertor>
							<integer/>
						</convertor>
					</outlook_user>
				</writer>
			</field>
			<field id="IsDefault">
				<reader>
					<mapi_user>
						<user_field id="wb IsDefault" ol_field_type="6"/>
						<convertor>
							<bool/>
						</convertor>
					</mapi_user>
				</reader>
				<writer>
					<outlook_user>
						<user_field id="wb IsDefault" ol_field_type="6"/>
						<convertor>
							<bool/>
						</convertor>
					</outlook_user>
				</writer>
			</field>
		</type>
		<type id="City" display_name="#obj_city" folder_type="10" ver="1">
			<form message_class="IPM.Contact.GC.City" display_name="#obj_city">GC City</form>
			<custom_views default_name="#view_all_cities">
				<view id="cities:salesbook" name="#view_all_cities"/>
			</custom_views>
			<field id="Name">
				<reader>
					<mapi_std>
						<mapi_tag id="0x30010000"/>
						<convertor>
							<string/>
						</convertor>
					</mapi_std>
				</reader>
				<writer>
					<outlook_std>
						<outlook_field id="FullName"/>
						<convertor>
							<string/>
						</convertor>
					</outlook_std>
				</writer>
			</field>
			<field id="Description">
				<reader>
					<mapi_user>
						<user_field id="wb Description" ol_field_type="1"/>
						<convertor>
							<string/>
						</convertor>
					</mapi_user>
				</reader>
				<writer>
					<outlook_user>
						<user_field id="wb Description" ol_field_type="1"/>
						<convertor>
							<string/>
						</convertor>
					</outlook_user>
				</writer>
			</field>
			<field id="Country">
				<reader>
					<mapi_user>
						<user_field id="wb Country" ol_field_type="1"/>
						<convertor>
							<binary_hexstring/>
						</convertor>
					</mapi_user>
				</reader>
				<writer>
					<multiwriter>
						<outlook_user>
							<user_field id="wb Country" ol_field_type="1"></user_field>
							<convertor>
								<binary_hexstring/>
							</convertor>
						</outlook_user>
						<link_fields>
							<field from="Name" to="CountryName"/>
						</link_fields>
					</multiwriter>
				</writer>
			</field>
			<field id="CountryName">
				<reader>
					<mapi_user>
						<user_field id="wb CountryName" ol_field_type="1"/>
						<convertor>
							<string/>
						</convertor>
					</mapi_user>
				</reader>
				<writer>
					<outlook_user>
						<user_field id="wb CountryName" ol_field_type="1"/>
						<convertor>
							<string/>
						</convertor>
					</outlook_user>
				</writer>
			</field>
			<field id="Region">
				<reader>
					<mapi_user>
						<user_field id="wb Region" ol_field_type="1"/>
						<convertor>
							<binary_hexstring/>
						</convertor>
					</mapi_user>
				</reader>
				<writer>
					<multiwriter>
						<outlook_user>
							<user_field id="wb Region" ol_field_type="1"></user_field>
							<convertor>
								<binary_hexstring/>
							</convertor>
						</outlook_user>
						<link_fields>
							<field from="Name" to="RegionName"/>
						</link_fields>
					</multiwriter>
				</writer>
			</field>
			<field id="RegionName">
				<reader>
					<mapi_user>
						<user_field id="wb RegionName" ol_field_type="1"/>
						<convertor>
							<string/>
						</convertor>
					</mapi_user>
				</reader>
				<writer>
					<outlook_user>
						<user_field id="wb RegionName" ol_field_type="1"/>
						<convertor>
							<string/>
						</convertor>
					</outlook_user>
				</writer>
			</field>
			<field id="SortOrder">
				<reader>
					<mapi_user>
						<user_field id="wb SortOrder" ol_field_type="3"/>
						<convertor>
							<integer/>
						</convertor>
					</mapi_user>
				</reader>
				<writer>
					<outlook_user>
						<user_field id="wb SortOrder" ol_field_type="3"/>
						<convertor>
							<integer/>
						</convertor>
					</outlook_user>
				</writer>
			</field>
			<field id="IsDefault">
				<reader>
					<mapi_user>
						<user_field id="wb IsDefault" ol_field_type="6"/>
						<convertor>
							<bool/>
						</convertor>
					</mapi_user>
				</reader>
				<writer>
					<outlook_user>
						<user_field id="wb IsDefault" ol_field_type="6"/>
						<convertor>
							<bool/>
						</convertor>
					</outlook_user>
				</writer>
			</field>
		</type>
		<type id="Contact" display_name="#obj_bpm_contact" predefined_folder="10" ver="3">
			<form message_class="IPM.Contact.GC.Contact" default_in_folder="false" icon="contact_image:16"
				large_icon="contact_image:24" display_name="#obj_bpm_contact">GC Contact</form>
			<alt_messageclasses>
				<alt_messageclass ext="Private" display_name="#obj_bpm_contact" icon="contact_private_image:16" large_icon="contact_image:24">GC Contact</alt_messageclass>
			</alt_messageclasses>
			<upgrade>
				<from message_class="IPM.Contact" target_message_class="IPM.Contact.GC.Contact.Private"/>
			</upgrade>
			<custom_views default_name="#view_all_contacts_Contact">
				<view id="AllContacts" name="#view_all_contacts_Contact"/>
			</custom_views>
			<field id="Shared">
				<reader>
					<mapi_user>
						<user_field id="wb Shared" ol_field_type="6"/>
						<convertor>
							<bool/>
						</convertor>
					</mapi_user>
				</reader>
				<writer>
					<multiwriter>
						<outlook_std>
							<outlook_field id="MessageClass"/>
							<convertor>
								<bool2string>
									<mapping true="IPM.Contact.GC.Contact" false="IPM.Contact.GC.Contact.Private"/>
								</bool2string>
							</convertor>
						</outlook_std>
						<outlook_user>
							<user_field id="wb Shared" ol_field_type="6"/>
							<convertor>
								<bool/>
							</convertor>
						</outlook_user>
					</multiwriter>
				</writer>
			</field>
			<field id="Name">
				<reader>
					<mapi_std>
						<mapi_tag id="0x30010000"/>
						<convertor>
							<string/>
						</convertor>
					</mapi_std>
				</reader>
				<writer>
					<outlook_std>
						<outlook_field id="FullName"/>
						<convertor>
							<string/>
						</convertor>
					</outlook_std>
				</writer>
			</field>
			<field id="Owner">
				<reader>
					<mapi_user>
						<user_field id="wb Owner" ol_field_type="1"/>
						<convertor>
							<binary_hexstring/>
						</convertor>
					</mapi_user>
				</reader>
				<writer>
					<multiwriter>
						<outlook_user>
							<user_field id="wb Owner" ol_field_type="1"></user_field>
							<convertor>
								<binary_hexstring/>
							</convertor>
						</outlook_user>
						<link_fields>
							<field from="Name" to="OwnerName"/>
						</link_fields>
					</multiwriter>
				</writer>
			</field>
			<field id="OwnerName">
				<reader>
					<mapi_user>
						<convertor>
							<string/>
						</convertor>
						<user_field ol_field_type="1" id="wb OwnerName"/>
					</mapi_user>
				</reader>
				<writer>
					<outlook_user>
						<user_field ol_field_type="1" id="wb OwnerName"/>
						<convertor>
							<string/>
						</convertor>
					</outlook_user>
				</writer>
			</field>
			<field id="Dear">
				<reader>
					<mapi_user>
						<convertor>
							<string/>
						</convertor>
						<user_field ol_field_type="1" id="wb Dear"/>
					</mapi_user>
				</reader>
				<writer>
					<outlook_user>
						<user_field ol_field_type="1" id="wb Dear"/>
						<convertor>
							<string/>
						</convertor>
					</outlook_user>
				</writer>
			</field>
			<field id="Account">
				<reader>
					<mapi_user>
						<user_field id="wb Account" ol_field_type="1"/>
						<convertor>
							<binary_hexstring/>
						</convertor>
					</mapi_user>
				</reader>
				<writer>
					<multiwriter>
						<outlook_user>
							<user_field id="wb Account" ol_field_type="1"></user_field>
							<convertor>
								<binary_hexstring/>
							</convertor>
						</outlook_user>
						<link_fields>
							<field from="Name" to="AccountName"/>
						</link_fields>
					</multiwriter>
				</writer>
			</field>
			<field id="AccountName">
				<reader>
					<mapi_std>
						<mapi_tag id="0x3A160000"/>
						<convertor>
							<string/>
						</convertor>
					</mapi_std>
				</reader>
				<writer>
					<outlook_std>
						<outlook_field id="CompanyName"/>
						<convertor>
							<string/>
						</convertor>
					</outlook_std>
				</writer>
			</field>
			<field id="Gender">
				<reader>
					<mapi_user>
						<user_field id="wb Gender" ol_field_type="1"/>
						<convertor>
							<binary_hexstring/>
						</convertor>
					</mapi_user>
				</reader>
				<writer>
					<multiwriter>
						<outlook_user>
							<user_field id="wb Gender" ol_field_type="1"></user_field>
							<convertor>
								<binary_hexstring/>
							</convertor>
						</outlook_user>
						<link_fields>
							<field from="Name" to="GenderName"/>
						</link_fields>
					</multiwriter>
				</writer>
			</field>
			<field id="GenderName">
				<reader>
					<mapi_user>
						<convertor>
							<string/>
						</convertor>
						<user_field ol_field_type="1" id="wb GenderName"/>
					</mapi_user>
				</reader>
				<writer>
					<outlook_user>
						<user_field ol_field_type="1" id="wb GenderName"/>
						<convertor>
							<string/>
						</convertor>
					</outlook_user>
				</writer>
			</field>
			<field id="SalutationType">
				<reader>
					<mapi_user>
						<user_field id="wb SalutationType" ol_field_type="1"/>
						<convertor>
							<binary_hexstring/>
						</convertor>
					</mapi_user>
				</reader>
				<writer>
					<multiwriter>
						<outlook_user>
							<user_field id="wb SalutationType" ol_field_type="1"></user_field>
							<convertor>
								<binary_hexstring/>
							</convertor>
						</outlook_user>
						<link_fields>
							<field from="Name" to="SalutationTypeName"/>
						</link_fields>
					</multiwriter>
				</writer>
			</field>
			<field id="SalutationTypeName">
				<reader>
					<mapi_user>
						<convertor>
							<string/>
						</convertor>
						<user_field ol_field_type="1" id="wb SalutationTypeName"/>
					</mapi_user>
				</reader>
				<writer>
					<outlook_user>
						<user_field ol_field_type="1" id="wb SalutationTypeName"/>
						<convertor>
							<string/>
						</convertor>
					</outlook_user>
				</writer>
			</field>
			<field id="DecisionRole">
				<reader>
					<mapi_user>
						<user_field id="wb DecisionRole" ol_field_type="1"/>
						<convertor>
							<binary_hexstring/>
						</convertor>
					</mapi_user>
				</reader>
				<writer>
					<multiwriter>
						<outlook_user>
							<user_field id="wb DecisionRole" ol_field_type="1"></user_field>
							<convertor>
								<binary_hexstring/>
							</convertor>
						</outlook_user>
						<link_fields>
							<field from="Name" to="DecisionRoleName"/>
						</link_fields>
					</multiwriter>
				</writer>
			</field>
			<field id="DecisionRoleName">
				<reader>
					<mapi_user>
						<convertor>
							<string/>
						</convertor>
						<user_field ol_field_type="1" id="wb DecisionRoleName"/>
					</mapi_user>
				</reader>
				<writer>
					<outlook_user>
						<user_field ol_field_type="1" id="wb DecisionRoleName"/>
						<convertor>
							<string/>
						</convertor>
					</outlook_user>
				</writer>
			</field>
			<field id="Type">
				<reader>
					<mapi_user>
						<user_field id="wb Type" ol_field_type="1"/>
						<convertor>
							<binary_hexstring/>
						</convertor>
					</mapi_user>
				</reader>
				<writer>
					<multiwriter>
						<outlook_user>
							<user_field id="wb Type" ol_field_type="1"></user_field>
							<convertor>
								<binary_hexstring/>
							</convertor>
						</outlook_user>
						<link_fields>
							<field from="Name" to="TypeName"/>
						</link_fields>
					</multiwriter>
				</writer>
			</field>
			<field id="TypeName">
				<reader>
					<mapi_user>
						<convertor>
							<string/>
						</convertor>
						<user_field ol_field_type="1" id="wb TypeName"/>
					</mapi_user>
				</reader>
				<writer>
					<outlook_user>
						<user_field ol_field_type="1" id="wb TypeName"/>
						<convertor>
							<string/>
						</convertor>
					</outlook_user>
				</writer>
			</field>
			<field id="Job">
				<reader>
					<mapi_user>
						<user_field id="wb Job" ol_field_type="1"/>
						<convertor>
							<binary_hexstring/>
						</convertor>
					</mapi_user>
				</reader>
				<writer>
					<multiwriter>
						<outlook_user>
							<user_field id="wb Job" ol_field_type="1"></user_field>
							<convertor>
								<binary_hexstring/>
							</convertor>
						</outlook_user>
						<link_fields>
							<field from="Name" to="JobName"/>
						</link_fields>
					</multiwriter>
				</writer>
			</field>
			<field id="JobName">
				<reader>
					<mapi_std>
						<mapi_tag id="0x3A170000"/>
						<convertor>
							<string/>
						</convertor>
					</mapi_std>
				</reader>
				<writer>
					<outlook_std>
						<outlook_field id="JobTitle"/>
						<convertor>
							<string/>
						</convertor>
					</outlook_std>
				</writer>
			</field>
			<field id="JobTitle">
				<reader>
					<mapi_std>
						<mapi_tag id="0x3A170000"/>
						<convertor>
							<string/>
						</convertor>
					</mapi_std>
				</reader>
				<writer>
					<outlook_std>
						<outlook_field id="JobTitle"/>
						<convertor>
							<string/>
						</convertor>
					</outlook_std>
				</writer>
			</field>
			<field id="Department">
				<reader>
					<mapi_user>
						<user_field id="wb Department" ol_field_type="1"/>
						<convertor>
							<binary_hexstring/>
						</convertor>
					</mapi_user>
				</reader>
				<writer>
					<multiwriter>
						<outlook_user>
							<user_field id="wb Department" ol_field_type="1"></user_field>
							<convertor>
								<binary_hexstring/>
							</convertor>
						</outlook_user>
						<link_fields>
							<field from="Name" to="DepartmentName"/>
						</link_fields>
					</multiwriter>
				</writer>
			</field>
			<field id="DepartmentName">
				<reader>
					<mapi_user>
						<convertor>
							<string/>
						</convertor>
						<user_field ol_field_type="1" id="wb DepartmentName"/>
					</mapi_user>
				</reader>
				<writer>
					<outlook_user>
						<user_field ol_field_type="1" id="wb DepartmentName"/>
						<convertor>
							<string/>
						</convertor>
					</outlook_user>
				</writer>
			</field>
			<field id="BirthDate">
				<reader>
					<mapi_user>
						<user_field id="wb BirthDate" ol_field_type="5"/>
						<convertor>
							<datetime/>
						</convertor>
					</mapi_user>
				</reader>
				<writer>
					<outlook_user>
						<user_field id="wb BirthDate" ol_field_type="5"/>
						<convertor>
							<date/>
						</convertor>
					</outlook_user>
				</writer>
			</field>
			<field id="Phone">
				<reader>
					<mapi_std>
						<mapi_tag id="0x3A080000"/>
						<convertor>
							<string/>
						</convertor>
					</mapi_std>
				</reader>
				<writer>
					<outlook_std>
						<outlook_field id="BusinessTelephoneNumber"/>
						<convertor>
							<string/>
						</convertor>
					</outlook_std>
				</writer>
			</field>
			<field id="MobilePhone">
				<reader>
					<mapi_std>
						<mapi_tag id="0x3A1C0000"/>
						<convertor>
							<string/>
						</convertor>
					</mapi_std>
				</reader>
				<writer>
					<outlook_std>
						<outlook_field id="MobileTelephoneNumber"/>
						<convertor>
							<string/>
						</convertor>
					</outlook_std>
				</writer>
			</field>
			<field id="HomePhone">
				<reader>
					<mapi_std>
						<mapi_tag id="0x3A090000"/>
						<convertor>
							<string/>
						</convertor>
					</mapi_std>
				</reader>
				<writer>
					<outlook_std>
						<outlook_field id="HomeTelephoneNumber"/>
						<convertor>
							<string/>
						</convertor>
					</outlook_std>
				</writer>
			</field>
			<field id="Skype">
				<reader>
					<mapi_user>
						<user_field id="wb Skype" ol_field_type="1"/>
						<convertor>
							<string/>
						</convertor>
					</mapi_user>
				</reader>
				<writer>
					<outlook_user>
						<user_field id="wb Skype" ol_field_type="1"/>
						<convertor>
							<string/>
						</convertor>
					</outlook_user>
				</writer>
			</field>
			<field id="Email">
				<reader>
					<contact_email>
						<e-mail name="Email1Address"/>
					</contact_email>
				</reader>
				<writer>
					<outlook_std>
						<outlook_field id="Email1Address"/>
						<convertor>
							<string/>
						</convertor>
					</outlook_std>
				</writer>
			</field>
			<field id="AddressType">
				<reader>
					<mapi_user>
						<user_field id="wb AddressType" ol_field_type="1"/>
						<convertor>
							<binary_hexstring/>
						</convertor>
					</mapi_user>
				</reader>
				<writer>
					<multiwriter>
						<outlook_user>
							<user_field id="wb AddressType" ol_field_type="1"></user_field>
							<convertor>
								<binary_hexstring/>
							</convertor>
						</outlook_user>
						<link_fields>
							<field from="Name" to="AddressTypeName"/>
						</link_fields>
					</multiwriter>
				</writer>
			</field>
			<field id="AddressTypeName">
				<reader>
					<mapi_user>
						<convertor>
							<string/>
						</convertor>
						<user_field ol_field_type="1" id="wb AddressTypeName"/>
					</mapi_user>
				</reader>
				<writer>
					<outlook_user>
						<user_field ol_field_type="1" id="wb AddressTypeName"/>
						<convertor>
							<string/>
						</convertor>
					</outlook_user>
				</writer>
			</field>
			<field id="Address">
				<reader>
					<outlook_std>
						<outlook_field id="BusinessAddressStreet"/>
						<convertor>
							<string/>
						</convertor>
					</outlook_std>
				</reader>
				<writer>
					<outlook_std>
						<outlook_field id="BusinessAddressStreet"/>
						<convertor>
							<string/>
						</convertor>
					</outlook_std>
				</writer>
			</field>
			<field id="Country">
				<reader>
					<mapi_user>
						<user_field id="wb Country" ol_field_type="1"/>
						<convertor>
							<binary_hexstring/>
						</convertor>
					</mapi_user>
				</reader>
				<writer>
					<multiwriter>
						<outlook_user>
							<user_field id="wb Country" ol_field_type="1"></user_field>
							<convertor>
								<binary_hexstring/>
							</convertor>
						</outlook_user>
						<link_fields>
							<field from="Name" to="CountryName"/>
						</link_fields>
					</multiwriter>
				</writer>
			</field>
			<field id="CountryName">
				<reader>
					<outlook_std>
						<outlook_field id="BusinessAddressCountry"/>
						<convertor>
							<string/>
						</convertor>
					</outlook_std>
				</reader>
				<writer>
					<outlook_std>
						<outlook_field id="BusinessAddressCountry"/>
						<convertor>
							<string/>
						</convertor>
					</outlook_std>
				</writer>
			</field>
			<field id="Region">
				<reader>
					<mapi_user>
						<user_field id="wb Region" ol_field_type="1"/>
						<convertor>
							<binary_hexstring/>
						</convertor>
					</mapi_user>
				</reader>
				<writer>
					<multiwriter>
						<outlook_user>
							<user_field id="wb Region" ol_field_type="1"></user_field>
							<convertor>
								<binary_hexstring/>
							</convertor>
						</outlook_user>
						<link_fields>
							<field from="Name" to="RegionName"/>
						</link_fields>
					</multiwriter>
				</writer>
			</field>
			<field id="RegionName">
				<reader>
					<outlook_std>
						<outlook_field id="BusinessAddressState"/>
						<convertor>
							<string/>
						</convertor>
					</outlook_std>
				</reader>
				<writer>
					<outlook_std>
						<outlook_field id="BusinessAddressState"/>
						<convertor>
							<string/>
						</convertor>
					</outlook_std>
				</writer>
			</field>
			<field id="City">
				<reader>
					<mapi_user>
						<user_field id="wb City" ol_field_type="1"/>
						<convertor>
							<binary_hexstring/>
						</convertor>
					</mapi_user>
				</reader>
				<writer>
					<multiwriter>
						<outlook_user>
							<user_field id="wb City" ol_field_type="1"></user_field>
							<convertor>
								<binary_hexstring/>
							</convertor>
						</outlook_user>
						<link_fields>
							<field from="Name" to="CityName"/>
						</link_fields>
					</multiwriter>
				</writer>
			</field>
			<field id="CityName">
				<reader>
					<outlook_std>
						<outlook_field id="BusinessAddressCity"/>
						<convertor>
							<string/>
						</convertor>
					</outlook_std>
				</reader>
				<writer>
					<outlook_std>
						<outlook_field id="BusinessAddressCity"/>
						<convertor>
							<string/>
						</convertor>
					</outlook_std>
				</writer>
			</field>
			<field id="Zip">
				<reader>
					<outlook_std>
						<outlook_field id="BusinessAddressPostalCode"/>
						<convertor>
							<string/>
						</convertor>
					</outlook_std>
				</reader>
				<writer>
					<outlook_std>
						<outlook_field id="BusinessAddressPostalCode"/>
						<convertor>
							<string/>
						</convertor>
					</outlook_std>
				</writer>
			</field>
			<field id="Notes">
				<reader>
					<mapi_std>
						<mapi_tag id="0x10000000"/>
						<convertor>
							<multiline_string/>
						</convertor>
					</mapi_std>
				</reader>
				<writer>
					<outlook_std>
						<outlook_field id="Body"/>
						<convertor>
							<multiline_string/>
						</convertor>
					</outlook_std>
				</writer>
			</field>
			<field id="DoNotUseEmail">
				<reader>
					<mapi_user>
						<user_field id="wb DoNotUseEmail" ol_field_type="6"/>
						<convertor>
							<bool/>
						</convertor>
					</mapi_user>
				</reader>
				<writer>
					<outlook_user>
						<user_field id="wb DoNotUseEmail" ol_field_type="6"/>
						<convertor>
							<bool/>
						</convertor>
					</outlook_user>
				</writer>
			</field>
			<field id="DoNotUseCall">
				<reader>
					<mapi_user>
						<user_field id="wb DoNotUseCall" ol_field_type="6"/>
						<convertor>
							<bool/>
						</convertor>
					</mapi_user>
				</reader>
				<writer>
					<outlook_user>
						<user_field id="wb DoNotUseCall" ol_field_type="6"/>
						<convertor>
							<bool/>
						</convertor>
					</outlook_user>
				</writer>
			</field>
			<field id="DoNotUseFax">
				<reader>
					<mapi_user>
						<user_field id="wb DoNotUseFax" ol_field_type="6"/>
						<convertor>
							<bool/>
						</convertor>
					</mapi_user>
				</reader>
				<writer>
					<outlook_user>
						<user_field id="wb DoNotUseFax" ol_field_type="6"/>
						<convertor>
							<bool/>
						</convertor>
					</outlook_user>
				</writer>
			</field>
			<field id="DoNotUseSms">
				<reader>
					<mapi_user>
						<user_field id="wb DoNotUseSms" ol_field_type="6"/>
						<convertor>
							<bool/>
						</convertor>
					</mapi_user>
				</reader>
				<writer>
					<outlook_user>
						<user_field id="wb DoNotUseSms" ol_field_type="6"/>
						<convertor>
							<bool/>
						</convertor>
					</outlook_user>
				</writer>
			</field>
			<field id="DoNotUseMail">
				<reader>
					<mapi_user>
						<user_field id="wb DoNotUseMail" ol_field_type="6"/>
						<convertor>
							<bool/>
						</convertor>
					</mapi_user>
				</reader>
				<writer>
					<outlook_user>
						<user_field id="wb DoNotUseMail" ol_field_type="6"/>
						<convertor>
							<bool/>
						</convertor>
					</outlook_user>
				</writer>
			</field>
		</type>
		<type id="ContactDecisionRole" predefined_folder="1">
			<form message_class="IPM.Contact.GC.ContactDecisionRole"/>
			<field id="Name">
				<reader>
					<mapi_user>
						<user_field id="wb Name" ol_field_type="1"/>
						<convertor>
							<string/>
						</convertor>
					</mapi_user>
				</reader>
				<writer>
					<outlook_user>
						<user_field id="wb Name" ol_field_type="1"/>
						<convertor>
							<string/>
						</convertor>
					</outlook_user>
				</writer>
			</field>
			<field id="Description">
				<reader>
					<mapi_user>
						<user_field id="wb Description" ol_field_type="1"/>
						<convertor>
							<string/>
						</convertor>
					</mapi_user>
				</reader>
				<writer>
					<outlook_user>
						<user_field id="wb Description" ol_field_type="1"/>
						<convertor>
							<string/>
						</convertor>
					</outlook_user>
				</writer>
			</field>
			<field id="SortOrder">
				<reader>
					<mapi_user>
						<user_field id="wb SortOrder" ol_field_type="3"/>
						<convertor>
							<integer/>
						</convertor>
					</mapi_user>
				</reader>
				<writer>
					<outlook_user>
						<user_field id="wb SortOrder" ol_field_type="3"/>
						<convertor>
							<integer/>
						</convertor>
					</outlook_user>
				</writer>
			</field>
			<field id="IsDefault">
				<reader>
					<mapi_user>
						<user_field id="wb IsDefault" ol_field_type="6"/>
						<convertor>
							<bool/>
						</convertor>
					</mapi_user>
				</reader>
				<writer>
					<outlook_user>
						<user_field id="wb IsDefault" ol_field_type="6"/>
						<convertor>
							<bool/>
						</convertor>
					</outlook_user>
				</writer>
			</field>
		</type>
		<type id="ContactSalutationType" predefined_folder="1">
			<form message_class="IPM.Contact.GC.ContactSalutationType"/>
			<field id="Name">
				<reader>
					<mapi_user>
						<user_field id="wb Name" ol_field_type="1"/>
						<convertor>
							<string/>
						</convertor>
					</mapi_user>
				</reader>
				<writer>
					<outlook_user>
						<user_field id="wb Name" ol_field_type="1"/>
						<convertor>
							<string/>
						</convertor>
					</outlook_user>
				</writer>
			</field>
			<field id="Description">
				<reader>
					<mapi_user>
						<user_field id="wb Description" ol_field_type="1"/>
						<convertor>
							<string/>
						</convertor>
					</mapi_user>
				</reader>
				<writer>
					<outlook_user>
						<user_field id="wb Description" ol_field_type="1"/>
						<convertor>
							<string/>
						</convertor>
					</outlook_user>
				</writer>
			</field>
			<field id="SortOrder">
				<reader>
					<mapi_user>
						<user_field id="wb SortOrder" ol_field_type="3"/>
						<convertor>
							<integer/>
						</convertor>
					</mapi_user>
				</reader>
				<writer>
					<outlook_user>
						<user_field id="wb SortOrder" ol_field_type="3"/>
						<convertor>
							<integer/>
						</convertor>
					</outlook_user>
				</writer>
			</field>
			<field id="IsDefault">
				<reader>
					<mapi_user>
						<user_field id="wb IsDefault" ol_field_type="6"/>
						<convertor>
							<bool/>
						</convertor>
					</mapi_user>
				</reader>
				<writer>
					<outlook_user>
						<user_field id="wb IsDefault" ol_field_type="6"/>
						<convertor>
							<bool/>
						</convertor>
					</outlook_user>
				</writer>
			</field>
		</type>
		<type id="ContactType" predefined_folder="1">
			<form message_class="IPM.Contact.GC.ContactType"/>
			<field id="Name">
				<reader>
					<mapi_user>
						<user_field id="wb Name" ol_field_type="1"/>
						<convertor>
							<string/>
						</convertor>
					</mapi_user>
				</reader>
				<writer>
					<outlook_user>
						<user_field id="wb Name" ol_field_type="1"/>
						<convertor>
							<string/>
						</convertor>
					</outlook_user>
				</writer>
			</field>
			<field id="Description">
				<reader>
					<mapi_user>
						<user_field id="wb Description" ol_field_type="1"/>
						<convertor>
							<string/>
						</convertor>
					</mapi_user>
				</reader>
				<writer>
					<outlook_user>
						<user_field id="wb Description" ol_field_type="1"/>
						<convertor>
							<string/>
						</convertor>
					</outlook_user>
				</writer>
			</field>
			<field id="SortOrder">
				<reader>
					<mapi_user>
						<user_field id="wb SortOrder" ol_field_type="3"/>
						<convertor>
							<integer/>
						</convertor>
					</mapi_user>
				</reader>
				<writer>
					<outlook_user>
						<user_field id="wb SortOrder" ol_field_type="3"/>
						<convertor>
							<integer/>
						</convertor>
					</outlook_user>
				</writer>
			</field>
			<field id="IsDefault">
				<reader>
					<mapi_user>
						<user_field id="wb IsDefault" ol_field_type="6"/>
						<convertor>
							<bool/>
						</convertor>
					</mapi_user>
				</reader>
				<writer>
					<outlook_user>
						<user_field id="wb IsDefault" ol_field_type="6"/>
						<convertor>
							<bool/>
						</convertor>
					</outlook_user>
				</writer>
			</field>
		</type>
		<type id="Country" display_name="#obj_country" folder_type="10" ver="1">
			<form message_class="IPM.Contact.GC.Country" display_name="#obj_country">GC Country</form>
			<custom_views default_name="#view_all_countries">
				<view id="countries:salesbook" name="#view_all_countries"/>
			</custom_views>
			<field id="Name">
				<reader>
					<mapi_std>
						<mapi_tag id="0x30010000"/>
						<convertor>
							<string/>
						</convertor>
					</mapi_std>
				</reader>
				<writer>
					<outlook_std>
						<outlook_field id="FullName"/>
						<convertor>
							<string/>
						</convertor>
					</outlook_std>
				</writer>
			</field>
			<field id="Description">
				<reader>
					<mapi_user>
						<user_field id="wb Description" ol_field_type="1"/>
						<convertor>
							<string/>
						</convertor>
					</mapi_user>
				</reader>
				<writer>
					<outlook_user>
						<user_field id="wb Description" ol_field_type="1"/>
						<convertor>
							<string/>
						</convertor>
					</outlook_user>
				</writer>
			</field>
			<field id="SortOrder">
				<reader>
					<mapi_user>
						<user_field id="wb SortOrder" ol_field_type="3"/>
						<convertor>
							<integer/>
						</convertor>
					</mapi_user>
				</reader>
				<writer>
					<outlook_user>
						<user_field id="wb SortOrder" ol_field_type="3"/>
						<convertor>
							<integer/>
						</convertor>
					</outlook_user>
				</writer>
			</field>
			<field id="IsDefault">
				<reader>
					<mapi_user>
						<user_field id="wb IsDefault" ol_field_type="6"/>
						<convertor>
							<bool/>
						</convertor>
					</mapi_user>
				</reader>
				<writer>
					<outlook_user>
						<user_field id="wb IsDefault" ol_field_type="6"/>
						<convertor>
							<bool/>
						</convertor>
					</outlook_user>
				</writer>
			</field>
		</type>
		<type id="Department" predefined_folder="1">
			<form message_class="IPM.Contact.GC.Department"/>
			<field id="Name">
				<reader>
					<mapi_user>
						<user_field id="wb Name" ol_field_type="1"/>
						<convertor>
							<string/>
						</convertor>
					</mapi_user>
				</reader>
				<writer>
					<outlook_user>
						<user_field id="wb Name" ol_field_type="1"/>
						<convertor>
							<string/>
						</convertor>
					</outlook_user>
				</writer>
			</field>
			<field id="Description">
				<reader>
					<mapi_user>
						<user_field id="wb Description" ol_field_type="1"/>
						<convertor>
							<string/>
						</convertor>
					</mapi_user>
				</reader>
				<writer>
					<outlook_user>
						<user_field id="wb Description" ol_field_type="1"/>
						<convertor>
							<string/>
						</convertor>
					</outlook_user>
				</writer>
			</field>
			<field id="SortOrder">
				<reader>
					<mapi_user>
						<user_field id="wb SortOrder" ol_field_type="3"/>
						<convertor>
							<integer/>
						</convertor>
					</mapi_user>
				</reader>
				<writer>
					<outlook_user>
						<user_field id="wb SortOrder" ol_field_type="3"/>
						<convertor>
							<integer/>
						</convertor>
					</outlook_user>
				</writer>
			</field>
			<field id="IsDefault">
				<reader>
					<mapi_user>
						<user_field id="wb IsDefault" ol_field_type="6"/>
						<convertor>
							<bool/>
						</convertor>
					</mapi_user>
				</reader>
				<writer>
					<outlook_user>
						<user_field id="wb IsDefault" ol_field_type="6"/>
						<convertor>
							<bool/>
						</convertor>
					</outlook_user>
				</writer>
			</field>
		</type>
		<type id="EmailSendStatus" predefined_folder="1">
			<form message_class="IPM.Contact.GC.EmailSendStatus"/>
			<field id="Name">
				<reader>
					<mapi_user>
						<user_field id="wb Name" ol_field_type="1"/>
						<convertor>
							<string/>
						</convertor>
					</mapi_user>
				</reader>
				<writer>
					<outlook_user>
						<user_field id="wb Name" ol_field_type="1"/>
						<convertor>
							<string/>
						</convertor>
					</outlook_user>
				</writer>
			</field>
			<field id="Description">
				<reader>
					<mapi_user>
						<user_field id="wb Description" ol_field_type="1"/>
						<convertor>
							<string/>
						</convertor>
					</mapi_user>
				</reader>
				<writer>
					<outlook_user>
						<user_field id="wb Description" ol_field_type="1"/>
						<convertor>
							<string/>
						</convertor>
					</outlook_user>
				</writer>
			</field>
			<field id="Code">
				<reader>
					<mapi_user>
						<user_field id="wb Code" ol_field_type="1"/>
						<convertor>
							<string/>
						</convertor>
					</mapi_user>
				</reader>
				<writer>
					<outlook_user>
						<user_field id="wb Code" ol_field_type="1"/>
						<convertor>
							<string/>
						</convertor>
					</outlook_user>
				</writer>
			</field>
			<field id="SortOrder">
				<reader>
					<mapi_user>
						<user_field id="wb SortOrder" ol_field_type="3"/>
						<convertor>
							<integer/>
						</convertor>
					</mapi_user>
				</reader>
				<writer>
					<outlook_user>
						<user_field id="wb SortOrder" ol_field_type="3"/>
						<convertor>
							<integer/>
						</convertor>
					</outlook_user>
				</writer>
			</field>
			<field id="IsDefault">
				<reader>
					<mapi_user>
						<user_field id="wb IsDefault" ol_field_type="6"/>
						<convertor>
							<bool/>
						</convertor>
					</mapi_user>
				</reader>
				<writer>
					<outlook_user>
						<user_field id="wb IsDefault" ol_field_type="6"/>
						<convertor>
							<bool/>
						</convertor>
					</outlook_user>
				</writer>
			</field>
		</type>
		<type id="Employee" predefined_folder="1">
			<form message_class="IPM.Contact.GC.Employee"/>
			<field id="EmployeeStatus">
				<reader>
					<mapi_user>
						<user_field id="wb EmployeeStatus" ol_field_type="1"></user_field>
						<convertor>
							<string/>
						</convertor>
					</mapi_user>
				</reader>
				<writer>
					<outlook_user>
						<user_field id="wb EmployeeStatus" ol_field_type="1"></user_field>
						<convertor>
							<string/>
						</convertor>
					</outlook_user>
				</writer>
			</field>
			<field id="Name">
				<reader>
					<mapi_user>
						<user_field id="wb Name" ol_field_type="1"></user_field>
						<convertor>
							<string/>
						</convertor>
					</mapi_user>
				</reader>
				<writer>
					<outlook_user>
						<user_field id="wb Name" ol_field_type="1"></user_field>
						<convertor>
							<string/>
						</convertor>
					</outlook_user>
				</writer>
			</field>
			<field id="Contact">
				<reader>
					<mapi_user>
						<user_field id="wb Contact" ol_field_type="1"></user_field>
						<convertor>
							<binary_hexstring/>
						</convertor>
					</mapi_user>
				</reader>
				<writer>
					<multiwriter>
						<outlook_user>
							<user_field id="wb Contact" ol_field_type="1"></user_field>
							<convertor>
								<binary_hexstring/>
							</convertor>
						</outlook_user>
						<link_fields>
							<field from="Name" to="Name"/>
						</link_fields>
					</multiwriter>
				</writer>
			</field>
			<field id="SortOrder">
				<reader>
					<mapi_user>
						<user_field id="wb SortOrder" ol_field_type="3"/>
						<convertor>
							<integer/>
						</convertor>
					</mapi_user>
				</reader>
				<writer>
					<outlook_user>
						<user_field id="wb SortOrder" ol_field_type="3"/>
						<convertor>
							<integer/>
						</convertor>
					</outlook_user>
				</writer>
			</field>
			<field id="IsDefault">
				<reader>
					<mapi_user>
						<user_field id="wb IsDefault" ol_field_type="6"/>
						<convertor>
							<bool/>
						</convertor>
					</mapi_user>
				</reader>
				<writer>
					<outlook_user>
						<user_field id="wb IsDefault" ol_field_type="6"/>
						<convertor>
							<bool/>
						</convertor>
					</outlook_user>
				</writer>
			</field>
		</type>
		<type id="Gender" predefined_folder="1">
			<form message_class="IPM.Contact.GC.Gender"/>
			<field id="Name">
				<reader>
					<mapi_user>
						<user_field id="wb Name" ol_field_type="1"/>
						<convertor>
							<string/>
						</convertor>
					</mapi_user>
				</reader>
				<writer>
					<outlook_user>
						<user_field id="wb Name" ol_field_type="1"/>
						<convertor>
							<string/>
						</convertor>
					</outlook_user>
				</writer>
			</field>
			<field id="Description">
				<reader>
					<mapi_user>
						<user_field id="wb Description" ol_field_type="1"/>
						<convertor>
							<string/>
						</convertor>
					</mapi_user>
				</reader>
				<writer>
					<outlook_user>
						<user_field id="wb Description" ol_field_type="1"/>
						<convertor>
							<string/>
						</convertor>
					</outlook_user>
				</writer>
			</field>
			<field id="SortOrder">
				<reader>
					<mapi_user>
						<user_field id="wb SortOrder" ol_field_type="3"/>
						<convertor>
							<integer/>
						</convertor>
					</mapi_user>
				</reader>
				<writer>
					<outlook_user>
						<user_field id="wb SortOrder" ol_field_type="3"/>
						<convertor>
							<integer/>
						</convertor>
					</outlook_user>
				</writer>
			</field>
			<field id="IsDefault">
				<reader>
					<mapi_user>
						<user_field id="wb IsDefault" ol_field_type="6"/>
						<convertor>
							<bool/>
						</convertor>
					</mapi_user>
				</reader>
				<writer>
					<outlook_user>
						<user_field id="wb IsDefault" ol_field_type="6"/>
						<convertor>
							<bool/>
						</convertor>
					</outlook_user>
				</writer>
			</field>
		</type>
		<type id="Job" display_name="#obj_job" folder_type="10" ver="1">
			<form message_class="IPM.Contact.GC.Job" display_name="#obj_job">GC Job</form>
			<custom_views default_name="#view_all_jobs">
				<view id="jobs:salesbook" name="#view_all_jobs"/>
			</custom_views>
			<field id="SuppressFileAs">
				<reader>
					<mapi_std>
						<mapi_tag id="0x3A060000"></mapi_tag>
						<convertor>
							<string/>
						</convertor>
					</mapi_std>
				</reader>
				<writer>
					<outlook_std>
						<outlook_field id="FirstName"></outlook_field>
						<convertor>
							<string/>
						</convertor>
					</outlook_std>
				</writer>
			</field>
			<field id="Name">
				<reader>
					<mapi_user>
						<user_field id="wb Name" ol_field_type="1"/>
						<convertor>
							<string/>
						</convertor>
					</mapi_user>
				</reader>
				<writer>
					<outlook_user>
						<user_field id="wb Name" ol_field_type="1"/>
						<convertor>
							<string/>
						</convertor>
					</outlook_user>
				</writer>
			</field>
			<field id="Description">
				<reader>
					<mapi_user>
						<user_field id="wb Description" ol_field_type="1"/>
						<convertor>
							<string/>
						</convertor>
					</mapi_user>
				</reader>
				<writer>
					<outlook_user>
						<user_field id="wb Description" ol_field_type="1"/>
						<convertor>
							<string/>
						</convertor>
					</outlook_user>
				</writer>
			</field>
			<field id="SortOrder">
				<reader>
					<mapi_user>
						<user_field id="wb SortOrder" ol_field_type="3"/>
						<convertor>
							<integer/>
						</convertor>
					</mapi_user>
				</reader>
				<writer>
					<outlook_user>
						<user_field id="wb SortOrder" ol_field_type="3"/>
						<convertor>
							<integer/>
						</convertor>
					</outlook_user>
				</writer>
			</field>
			<field id="IsDefault">
				<reader>
					<mapi_user>
						<user_field id="wb IsDefault" ol_field_type="6"/>
						<convertor>
							<bool/>
						</convertor>
					</mapi_user>
				</reader>
				<writer>
					<outlook_user>
						<user_field id="wb IsDefault" ol_field_type="6"/>
						<convertor>
							<bool/>
						</convertor>
					</outlook_user>
				</writer>
			</field>
		</type>
		<type id="Mail" predefined_folder="6">
			<form message_class="IPM.Note">GC Mail</form>
			<field id="Subject">
				<reader>
					<mapi_std>
						<mapi_tag id="0x00370000"></mapi_tag>
						<convertor>
							<string/>
						</convertor>
					</mapi_std>
				</reader>
				<writer>
					<outlook_std>
						<outlook_field id="Subject"></outlook_field>
						<convertor>
							<string/>
						</convertor>
					</outlook_std>
				</writer>
			</field>
			<field id="Body">
				<reader>
					<mapi_std>
						<mapi_tag id="0x10000000"></mapi_tag>
						<convertor>
							<multiline_string/>
						</convertor>
					</mapi_std>
				</reader>
				<writer>
					<outlook_std>
						<outlook_field id="Body"></outlook_field>
						<convertor>
							<multiline_string/>
						</convertor>
					</outlook_std>
				</writer>
			</field>
			<field id="SenderAddress">
				<reader>
					<sender_email_address/>
				</reader>
			</field>
			<field id="Recipients">
				<reader>
					<mapi_recipients/>
				</reader>
				<writer>
					<outlook_recipients/>
				</writer>
			</field>
			<field id="Attachments">
				<reader>
					<attachments/>
				</reader>
			</field>
			<field id="Inbound">
				<reader>
					<mapi_std>
						<mapi_tag id="0x003F0102"></mapi_tag>
						<convertor>
							<field_existance_2bool/>
						</convertor>
					</mapi_std>
				</reader>
			</field>
			<field id="Sent">
				<reader>
					<mapi_std>
						<mapi_tag id="0x0E070003"></mapi_tag>
						<convertor>
							<bit_flags mask="8" value="0"/>
						</convertor>
					</mapi_std>
				</reader>
			</field>
			<field id="Submitted">
				<reader>
					<mapi_std>
						<mapi_tag id="0x0E070003"></mapi_tag>
						<convertor>
							<bit_flags mask="4" value="4"/>
						</convertor>
					</mapi_std>
				</reader>
			</field>
			<field id="FlagIcon">
				<reader>
					<mapi_std>
						<mapi_tag id="0x10950003"></mapi_tag>
						<convertor>
							<integer/>
						</convertor>
					</mapi_std>
				</reader>
				<writer>
					<outlook_std>
						<outlook_field id="FlagIcon"></outlook_field>
						<convertor>
							<integer/>
						</convertor>
					</outlook_std>
				</writer>
			</field>
			<field id="FlagStatus">
				<reader>
					<mapi_std>
						<mapi_tag id="0x10900003"></mapi_tag>
						<convertor>
							<integer/>
						</convertor>
					</mapi_std>
				</reader>
				<writer>
					<outlook_std>
						<outlook_field id="FlagStatus"></outlook_field>
						<convertor>
							<integer/>
						</convertor>
					</outlook_std>
				</writer>
			</field>
			<field id="ReceivedTime">
				<reader>
					<mapi_std>
						<mapi_tag id="0x0E060040"></mapi_tag>
						<convertor>
							<datetime/>
						</convertor>
					</mapi_std>
				</reader>
			</field>
			<field id="CreationTime">
				<reader>
					<mapi_std>
						<mapi_tag id="0x30070040"></mapi_tag>
						<convertor>
							<datetime/>
						</convertor>
					</mapi_std>
				</reader>
			</field>
			<field id="SearchKey">
				<reader>
					<mapi_std>
						<mapi_tag id="0x300B0102"></mapi_tag>
						<convertor>
							<binary/>
						</convertor>
					</mapi_std>
				</reader>
			</field>
			<field id="ParentId">
				<reader>
					<custom_links_first/>
				</reader>
				<writer>
					<custom_links_first/>
				</writer>
			</field>
			<field id="Importance">
				<reader>
					<mapi_std>
						<mapi_tag id="0x00170003"></mapi_tag>
						<convertor>
							<integer/>
						</convertor>
					</mapi_std>
				</reader>
				<writer>
					<outlook_std>
						<outlook_field id="Importance"></outlook_field>
						<convertor>
							<integer/>
						</convertor>
					</outlook_std>
				</writer>
			</field>
			<field id="ConversationId">
				<reader>
					<mapi_std>
						<mapi_tag id="0x00710102"></mapi_tag>
						<convertor>
							<binary/>
						</convertor>
					</mapi_std>
				</reader>
			</field>
			<field id="MsgFileContent">
				<reader>
					<msg_content/>
				</reader>
			</field>
		</type>
		<type id="Opportunity" predefined_folder="1">
			<form message_class="IPM.Contact.GC.Opportunity"/>
			<field id="Title">
				<reader>
					<mapi_user>
						<user_field id="wb Title" ol_field_type="1"/>
						<convertor>
							<string/>
						</convertor>
					</mapi_user>
				</reader>
				<writer>
					<outlook_user>
						<user_field id="wb Title" ol_field_type="1"/>
						<convertor>
							<string/>
						</convertor>
					</outlook_user>
				</writer>
			</field>
			<field id="SortOrder">
				<reader>
					<mapi_user>
						<user_field id="wb SortOrder" ol_field_type="3"/>
						<convertor>
							<integer/>
						</convertor>
					</mapi_user>
				</reader>
				<writer>
					<outlook_user>
						<user_field id="wb SortOrder" ol_field_type="3"/>
						<convertor>
							<integer/>
						</convertor>
					</outlook_user>
				</writer>
			</field>
			<field id="IsDefault">
				<reader>
					<mapi_user>
						<user_field id="wb IsDefault" ol_field_type="6"/>
						<convertor>
							<bool/>
						</convertor>
					</mapi_user>
				</reader>
				<writer>
					<outlook_user>
						<user_field id="wb IsDefault" ol_field_type="6"/>
						<convertor>
							<bool/>
						</convertor>
					</outlook_user>
				</writer>
			</field>
			<field id="Account">
				<reader>
					<mapi_user>
						<user_field id="wb Account" ol_field_type="1"/>
						<convertor>
							<binary_hexstring/>
						</convertor>
					</mapi_user>
				</reader>
				<writer>
					<multiwriter>
						<outlook_user>
							<user_field id="wb Account" ol_field_type="1"></user_field>
							<convertor>
								<binary_hexstring/>
							</convertor>
						</outlook_user>
						<link_fields>
							<field from="Name" to="AccountName"/>
						</link_fields>
					</multiwriter>
				</writer>
			</field>
			<field id="AccountName">
				<reader>
					<mapi_user>
						<user_field id="wb AccountName" ol_field_type="1"/>
						<convertor>
							<string/>
						</convertor>
					</mapi_user>
				</reader>
				<writer>
					<outlook_user>
						<user_field id="wb AccountName" ol_field_type="1"/>
						<convertor>
							<string/>
						</convertor>
					</outlook_user>
				</writer>
			</field>
			<field id="Status">
				<reader>
					<mapi_user>
						<user_field id="wb Status" ol_field_type="1"/>
						<convertor>
							<string/>
						</convertor>
					</mapi_user>
				</reader>
				<writer>
					<outlook_user>
						<user_field id="wb Status" ol_field_type="1"/>
						<convertor>
							<string/>
						</convertor>
					</outlook_user>
				</writer>
			</field>
		</type>
		<type id="Region" display_name="#obj_region" folder_type="10" ver="1">
			<form message_class="IPM.Contact.GC.Region" display_name="#obj_region">GC Region</form>
			<custom_views default_name="#view_all_regions">
				<view id="regions:salesbook" name="#view_all_regions"/>
			</custom_views>
			<field id="Name">
				<reader>
					<mapi_std>
						<mapi_tag id="0x30010000"/>
						<convertor>
							<string/>
						</convertor>
					</mapi_std>
				</reader>
				<writer>
					<outlook_std>
						<outlook_field id="FullName"/>
						<convertor>
							<string/>
						</convertor>
					</outlook_std>
				</writer>
			</field>
			<field id="Description">
				<reader>
					<mapi_user>
						<user_field id="wb Description" ol_field_type="1"/>
						<convertor>
							<string/>
						</convertor>
					</mapi_user>
				</reader>
				<writer>
					<outlook_user>
						<user_field id="wb Description" ol_field_type="1"/>
						<convertor>
							<string/>
						</convertor>
					</outlook_user>
				</writer>
			</field>
			<field id="Country">
				<reader>
					<mapi_user>
						<user_field id="wb Country" ol_field_type="1"/>
						<convertor>
							<binary_hexstring/>
						</convertor>
					</mapi_user>
				</reader>
				<writer>
					<multiwriter>
						<outlook_user>
							<user_field id="wb Country" ol_field_type="1"></user_field>
							<convertor>
								<binary_hexstring/>
							</convertor>
						</outlook_user>
						<link_fields>
							<field from="Name" to="CountryName"/>
						</link_fields>
					</multiwriter>
				</writer>
			</field>
			<field id="CountryName">
				<reader>
					<mapi_user>
						<user_field id="wb CountryName" ol_field_type="1"/>
						<convertor>
							<string/>
						</convertor>
					</mapi_user>
				</reader>
				<writer>
					<outlook_user>
						<user_field id="wb CountryName" ol_field_type="1"/>
						<convertor>
							<string/>
						</convertor>
					</outlook_user>
				</writer>
			</field>
			<field id="SortOrder">
				<reader>
					<mapi_user>
						<user_field id="wb SortOrder" ol_field_type="3"/>
						<convertor>
							<integer/>
						</convertor>
					</mapi_user>
				</reader>
				<writer>
					<outlook_user>
						<user_field id="wb SortOrder" ol_field_type="3"/>
						<convertor>
							<integer/>
						</convertor>
					</outlook_user>
				</writer>
			</field>
			<field id="IsDefault">
				<reader>
					<mapi_user>
						<user_field id="wb IsDefault" ol_field_type="6"/>
						<convertor>
							<bool/>
						</convertor>
					</mapi_user>
				</reader>
				<writer>
					<outlook_user>
						<user_field id="wb IsDefault" ol_field_type="6"/>
						<convertor>
							<bool/>
						</convertor>
					</outlook_user>
				</writer>
			</field>
		</type>
		<type id="TaskParticipant" predefined_folder="1">
			<form message_class="IPM.Contact.GC.TaskParticipant"/>
			<field id="Participant">
				<reader>
					<mapi_user>
						<user_field id="wb Participant" ol_field_type="1"></user_field>
						<convertor>
							<binary_hexstring/>
						</convertor>
					</mapi_user>
				</reader>
				<writer>
					<outlook_user>
						<user_field id="wb Participant" ol_field_type="1"></user_field>
						<convertor>
							<binary_hexstring/>
						</convertor>
					</outlook_user>
				</writer>
			</field>
			<field id="Activity">
				<reader>
					<mapi_user>
						<user_field id="wb Activity" ol_field_type="1"></user_field>
						<convertor>
							<binary_hexstring/>
						</convertor>
					</mapi_user>
				</reader>
				<writer>
					<outlook_user>
						<user_field id="wb Activity" ol_field_type="1"></user_field>
						<convertor>
							<binary_hexstring/>
						</convertor>
					</outlook_user>
				</writer>
			</field>
		</type>
		<type id="AppointmentParticipant" predefined_folder="1">
			<form message_class="IPM.Contact.GC.AppointmentParticipant"/>
			<field id="Participant">
				<reader>
					<mapi_user>
						<user_field id="wb Participant" ol_field_type="1"></user_field>
						<convertor>
							<binary_hexstring/>
						</convertor>
					</mapi_user>
				</reader>
				<writer>
					<outlook_user>
						<user_field id="wb Participant" ol_field_type="1"></user_field>
						<convertor>
							<binary_hexstring/>
						</convertor>
					</outlook_user>
				</writer>
			</field>
			<field id="Activity">
				<reader>
					<mapi_user>
						<user_field id="wb Activity" ol_field_type="1"></user_field>
						<convertor>
							<binary_hexstring/>
						</convertor>
					</mapi_user>
				</reader>
				<writer>
					<outlook_user>
						<user_field id="wb Activity" ol_field_type="1"></user_field>
						<convertor>
							<binary_hexstring/>
						</convertor>
					</outlook_user>
				</writer>
			</field>
		</type>
		<type id="SysEntitySchemaRecRightSource" predefined_folder="1">
			<form message_class="IPM.Contact.GC.SysEntitySchemaRecRightSource"/>
			<field id="Name">
				<reader>
					<mapi_user>
						<user_field id="wb Name" ol_field_type="1"/>
						<convertor>
							<string/>
						</convertor>
					</mapi_user>
				</reader>
				<writer>
					<outlook_user>
						<user_field id="wb Name" ol_field_type="1"/>
						<convertor>
							<string/>
						</convertor>
					</outlook_user>
				</writer>
			</field>
			<field id="Description">
				<reader>
					<mapi_user>
						<user_field id="wb Description" ol_field_type="1"/>
						<convertor>
							<string/>
						</convertor>
					</mapi_user>
				</reader>
				<writer>
					<outlook_user>
						<user_field id="wb Description" ol_field_type="1"/>
						<convertor>
							<string/>
						</convertor>
					</outlook_user>
				</writer>
			</field>
			<field id="Code">
				<reader>
					<mapi_user>
						<user_field id="wb Code" ol_field_type="1"/>
						<convertor>
							<string/>
						</convertor>
					</mapi_user>
				</reader>
				<writer>
					<outlook_user>
						<user_field id="wb Code" ol_field_type="1"/>
						<convertor>
							<string/>
						</convertor>
					</outlook_user>
				</writer>
			</field>
			<field id="SortOrder">
				<reader>
					<mapi_user>
						<user_field id="wb SortOrder" ol_field_type="3"/>
						<convertor>
							<integer/>
						</convertor>
					</mapi_user>
				</reader>
				<writer>
					<outlook_user>
						<user_field id="wb SortOrder" ol_field_type="3"/>
						<convertor>
							<integer/>
						</convertor>
					</outlook_user>
				</writer>
			</field>
			<field id="IsDefault">
				<reader>
					<mapi_user>
						<user_field id="wb IsDefault" ol_field_type="6"/>
						<convertor>
							<bool/>
						</convertor>
					</mapi_user>
				</reader>
				<writer>
					<outlook_user>
						<user_field id="wb IsDefault" ol_field_type="6"/>
						<convertor>
							<bool/>
						</convertor>
					</outlook_user>
				</writer>
			</field>
		</type>
	</types>
</sd2_meta>
