<?xml version="1.0" encoding="UTF-8" standalone="no"?>
<res_root>
	<array key="all_lookup_types">
		<item value="Contact"/>
		<item value="Opportunity"/>
		<item value="Document"/>
		<item value="Invoice"/>
		<item value="Employee"/>
		<item value="Account"/>
		<item value="Country"/>
		<item value="Region"/>
		<item value="City"/>
	</array>
	<lookup_view_def key="lookup:contacts">
		<display name = "#obj_contact_plural"/>
		<filter dasl="[http://schemas.microsoft.com/mapi/proptag/0x001A001E] &gt;= 'IPM.Contact.SD.Contact' AND [http://schemas.microsoft.com/mapi/proptag/0x001A001E] &lt;= 'IPM.Contact.SD.Contact'"/>
		<view id="contactrights:salesbook"/>
		<quick_lookup dasl_format= "[http://schemas.microsoft.com/mapi/id/{00062004-0000-0000-C000-000000000046}/8005001E] = '%s'"/>
		<type id= "Contact"/>
	</lookup_view_def>
	<lookup_view_def key="lookup:all_opportunities">
		<display name = "opportunity"/>
		<filter dasl="([http://schemas.microsoft.com/mapi/proptag/0x001A001E] &gt;= 'IPM.Contact.GC.Opportunity' AND [http://schemas.microsoft.com/mapi/proptag/0x001A001E] &lt;= 'IPM.Contact.GC.Opportunity')"/>
		<view id="opportunities:salesbook"/>
		<quick_lookup dasl_format= "[http://schemas.microsoft.com/mapi/id/{00062004-0000-0000-C000-000000000046}/8005001E] = '%s'"/>
		<type id= "Opportunity"/>
	</lookup_view_def>
	<lookup_view_def key="lookup:all_documents">
		<display name = "document"/>
		<filter dasl="([http://schemas.microsoft.com/mapi/proptag/0x001A001E] &gt;= 'IPM.Contact.GC.Document' AND [http://schemas.microsoft.com/mapi/proptag/0x001A001E] &lt;= 'IPM.Contact.GC.Document')"/>
		<view id="documents:salesbook"/>
		<quick_lookup dasl_format= "[http://schemas.microsoft.com/mapi/id/{00062004-0000-0000-C000-000000000046}/8005001E] = '%s'"/>
		<type id= "Document"/>
	</lookup_view_def>
	<lookup_view_def key="lookup:all_invoices">
		<display name = "invoice"/>
		<filter dasl="([http://schemas.microsoft.com/mapi/proptag/0x001A001E] &gt;= 'IPM.Contact.GC.Invoice' AND [http://schemas.microsoft.com/mapi/proptag/0x001A001E] &lt;= 'IPM.Contact.GC.Invoice')"/>
		<view id="invoices:salesbook"/>
		<quick_lookup dasl_format= "[http://schemas.microsoft.com/mapi/id/{00062004-0000-0000-C000-000000000046}/8005001E] = '%s'"/>
		<type id= "Invoice"/>
	</lookup_view_def>
	<lookup_view_def key="lookup:all_employees">
	<display name = "employee"/>
	<filter dasl="([http://schemas.microsoft.com/mapi/proptag/0x001A001E] &gt;= 'IPM.Contact.GC.Employee' AND [http://schemas.microsoft.com/mapi/proptag/0x001A001E] &lt;= 'IPM.Contact.GC.Employee')"/>
	<view id="employees:salesbook"/>
	<quick_lookup dasl_format= "[http://schemas.microsoft.com/mapi/id/{00062004-0000-0000-C000-000000000046}/8005001E] = '%s'"/>
	<type id= "Employee"/>
</lookup_view_def>
	<lookup_view_def key="lookup:all_accounts">
		<display name = "account"/>
		<filter dasl="([http://schemas.microsoft.com/mapi/proptag/0x001A001E] &gt;= 'IPM.Contact.GC.Account' AND [http://schemas.microsoft.com/mapi/proptag/0x001A001E] &lt;= 'IPM.Contact.GC.Account')"/>
		<view id="accounts:salesbook"/>
		<quick_lookup dasl_format= "[http://schemas.microsoft.com/mapi/id/{00062004-0000-0000-C000-000000000046}/8005001E] = '%s'"/>
		<type id= "Account"/>
	</lookup_view_def>
	<lookup_view_def key="lookup:all_countries">
		<display name = "country"/>
		<filter dasl="([http://schemas.microsoft.com/mapi/proptag/0x001A001E] &gt;= 'IPM.Contact.GC.Country' AND [http://schemas.microsoft.com/mapi/proptag/0x001A001E] &lt;= 'IPM.Contact.GC.Country')"/>
		<view id="countries:salesbook"/>
		<quick_lookup dasl_format= "[http://schemas.microsoft.com/mapi/id/{00062004-0000-0000-C000-000000000046}/8005001E] = '%s'"/>
		<type id= "Country"/>
	</lookup_view_def>
	<lookup_view_def key="lookup:all_regions">
		<display name = "region"/>
		<filter dasl="([http://schemas.microsoft.com/mapi/proptag/0x001A001E] &gt;= 'IPM.Contact.GC.Region' AND [http://schemas.microsoft.com/mapi/proptag/0x001A001E] &lt;= 'IPM.Contact.GC.Region')"/>
		<view id="regions:salesbook"/>
		<quick_lookup dasl_format= "[http://schemas.microsoft.com/mapi/id/{00062004-0000-0000-C000-000000000046}/8005001E] = '%s'"/>
		<type id= "Region"/>
	</lookup_view_def>
	<lookup_view_def key="lookup:all_cities">
		<display name = "city"/>
		<filter dasl="([http://schemas.microsoft.com/mapi/proptag/0x001A001E] &gt;= 'IPM.Contact.GC.City' AND [http://schemas.microsoft.com/mapi/proptag/0x001A001E] &lt;= 'IPM.Contact.GC.City')"/>
		<view id="cities:salesbook"/>
		<quick_lookup dasl_format= "[http://schemas.microsoft.com/mapi/id/{00062004-0000-0000-C000-000000000046}/8005001E] = '%s'"/>
		<type id= "City"/>
	</lookup_view_def>
	<lookup_view_def key="lookup:all_contacts">
		<display name = "contact"/>
		<filter dasl="([http://schemas.microsoft.com/mapi/proptag/0x001A001E] &gt;= 'IPM.Contact.GC.Contact' AND [http://schemas.microsoft.com/mapi/proptag/0x001A001E] &lt;= 'IPM.Contact.GC.Contact')"/>
		<view id="contacts:salesbook"/>
		<quick_lookup dasl_format= "[http://schemas.microsoft.com/mapi/id/{00062004-0000-0000-C000-000000000046}/8005001E] = '%s'"/>
		<type id= "Contact"/>
	</lookup_view_def>
</res_root>
