<?xml version="1.0" encoding="utf-8"?>
<toolbars>
	<custom_ui for="Microsoft.Outlook.Explorer">
		<customUI xmlns='http://schemas.microsoft.com/office/2009/07/customui' onLoad="ribbon_on_load" loadImage="load_image">
			<commands>
				<command idMso="Delete" onAction="native_on_action"/>
			</commands>
			<ribbon>
				<contextualTabs>
					<tabSet idMso="TabSetAppointment">
						<tab idMso="TabAppointment">
							<group id="Appointments" label="#bpm_online_tb_caption">
								<button id="new_appointment" label="#new_appointment" size="normal" image="appointment_image:16" getVisible="get_visible" getEnabled="get_enabled" onAction="button_on_action"/>
								<button id="track_appointment" label="#track" size="normal" image="untrack_img:16" getVisible="get_visible" getEnabled="get_enabled" onAction="button_on_action"/>
								<button id="untrack_appointment" label="#untrack" size="normal" image="untrack_img:16" getVisible="get_visible" getEnabled="get_enabled" onAction="button_on_action"/>
								<button id="appointment_convert_bpmonline" label="#item_convert-bpmonline" size="normal" image="convert_to_bpm:16" screentip="#item_convert-bpmonline" getVisible="get_visible" getEnabled="get_enabled" onAction="button_on_action"/>
								<button id="appointment_convert_outlook" label="#item_convert-outlook" size="normal" image="convert_to_outlook:16" screentip="#item_convert-outlook" getVisible="get_visible" getEnabled="get_enabled" onAction="button_on_action"/>
								<button id="a_open_remote" label="#open_remote" size="normal" image="open_remote_img:16" getVisible="get_visible" getEnabled="get_enabled" onAction="button_on_action"/>
								<button id="show_help_appointment" label="#help" size="normal" image="show_help:16" screentip="#help" getVisible="get_visible" getEnabled="get_enabled" onAction="button_on_action"/>
							</group>
						</tab>
					</tabSet>
				</contextualTabs>
				<tabs>
					<tab idMso="TabContacts">
						<group id="Dtk_Home_Contacts" label="#bpm_online_tb_caption" image="app_small_icon" insertAfterMso="GroupContactsActions">
							<button id="new_contact" label="#new_contact" size="normal" image="contact_image:16" getVisible="get_visible" getEnabled="get_enabled" onAction="button_on_action"/>
							<button id="track_contact" label="#track" size="normal" image="track_img:16" getVisible="get_visible" getEnabled="get_enabled" onAction="button_on_action"/>
							<button id="untrack_contact" label="#untrack" size="normal" image="untrack_img:16" getVisible="get_visible" getEnabled="get_enabled" onAction="button_on_action"/>
							<button id="c_open_remote" label="#open_remote" size="normal" image="open_remote_img:16" getVisible="get_visible" getEnabled="get_enabled" onAction="button_on_action"/>
							<button id="contact_convert_bpmonline" label="#item_convert-bpmonline" size="normal" image="convert_to_bpm:16" screentip="#item_convert-bpmonline" getVisible="get_visible" getEnabled="get_enabled" onAction="button_on_action"/>
							<button id="contact_convert_outlook" label="#item_convert-outlook" size="normal" image="convert_to_outlook:16" screentip="#item_convert-outlook" getVisible="get_visible" getEnabled="get_enabled" onAction="button_on_action"/>
							<button id="show_help_contact" label="#help" size="normal" image="show_help:16" screentip="#help" getVisible="get_visible" getEnabled="get_enabled" onAction="button_on_action"/>
						</group>
					</tab>
					<tab idMso="TabMail">
						<group id="Dtk_Home_Mail" label="#bpm_online_tb_caption" image="app_small_icon"  insertAfterMso="GroupQuickSteps">
							<button id="track_mail" label="#track" size="normal" image="track_img:16" getVisible="get_visible" getEnabled="get_enabled" onAction="button_on_action"/>
							<button id="un_track_mail" label="#untrack" size="normal" image="untrack_img:16" getVisible="get_visible" getEnabled="get_enabled" onAction="button_on_action"/>
							<button id="m_open_remote" label="#open_remote" size="normal" image="open_remote_img:16" getVisible="get_visible" getEnabled="get_enabled" onAction="button_on_action"/>
							<button id="show_help_mail" label="#help" size="normal" image="show_help:16" screentip="#help" getVisible="get_visible" getEnabled="get_enabled" onAction="button_on_action"/>
						</group>
					</tab>
					<tab idMso="TabTasks">
						<group id="Tasks" label="#bpm_online_tb_caption" image="app_small_icon">
							<button id="new_task" label="#new_task" size="normal" image="task_image:16" getVisible="get_visible" getEnabled="get_enabled" onAction="button_on_action"/>
							<button id="track_task" label="#track" size="normal" image="untrack_img:16" getVisible="get_visible" getEnabled="get_enabled" onAction="button_on_action"/>
							<button id="untrack_task" label="#untrack" size="normal" image="untrack_img:16" getVisible="get_visible" getEnabled="get_enabled" onAction="button_on_action"/>
							<button id="task_convert_bpmonline" label="#item_convert-bpmonline" size="normal" image="convert_to_bpm:16" screentip="#item_convert-bpmonline" getVisible="get_visible" getEnabled="get_enabled" onAction="button_on_action"/>
							<button id="task_convert_outlook" label="#item_convert-outlook" size="normal" image="convert_to_outlook:16" screentip="#item_convert-outlook" getVisible="get_visible" getEnabled="get_enabled" onAction="button_on_action"/>
							<button id="t_open_remote" label="#open_remote" size="normal" image="open_remote_img:16" getVisible="get_visible" getEnabled="get_enabled" onAction="button_on_action"/>
							<button id="show_help_task" label="#help" size="normal" image="show_help:16" screentip="#help" getVisible="get_visible" getEnabled="get_enabled" onAction="button_on_action"/>
						</group>
					</tab>
					<tab idMso="TabCalendar">
						<group id="Calendar" label="#bpm_online_tb_caption" image="app_small_icon">
							<button id="new_calendar_appointment" label="#new_appointment" size="normal" image="appointment_image:16" getVisible="get_visible" getEnabled="get_enabled" onAction="button_on_action"/>
							<button id="track_calendar" label="#track" size="normal" image="untrack_img:16" getVisible="get_visible" getEnabled="get_enabled" onAction="button_on_action"/>
							<button id="untrack_calendar" label="#untrack" size="normal" image="untrack_img:16" getVisible="get_visible" getEnabled="get_enabled" onAction="button_on_action"/>
							<button id="calendar_convert_bpmonline" label="#item_convert-bpmonline" size="normal" image="convert_to_bpm:16" screentip="#item_convert-bpmonline" getVisible="get_visible" getEnabled="get_enabled" onAction="button_on_action"/>
							<button id="calendar_convert_outlook" label="#item_convert-outlook" size="normal" image="convert_to_outlook:16" screentip="#item_convert-outlook" getVisible="get_visible" getEnabled="get_enabled" onAction="button_on_action"/>
							<button id="calendar_open_remote" label="#open_remote" size="normal" image="open_remote_img:16" getVisible="get_visible" getEnabled="get_enabled" onAction="button_on_action"/>
							<button id="show_help_calendar" label="#help" size="normal" image="show_help:16" screentip="#help" getVisible="get_visible" getEnabled="get_enabled" onAction="button_on_action"/>
						</group>
					</tab>
				</tabs>
			</ribbon>
		</customUI>
	</custom_ui>
	<custom_ui for="Microsoft.Outlook.Contact">
		<customUI xmlns="http://schemas.microsoft.com/office/2006/01/customui" onLoad="ribbon_on_load" loadImage="load_image">
			<ribbon>
				<tabs>
					<tab idMso="TabContact">
						<group id="contact_group" label="#bpm_online_tb_caption" image="app_small_icon" insertAfterMso="GroupActions">
							<button id="open_remote" label="#open_remote" size="normal" image="open_remote_img:16" getVisible="get_visible" getEnabled="get_enabled" onAction="button_on_action"/>
						</group>
					</tab>
				</tabs>
			</ribbon>
		</customUI>
	</custom_ui>
	
	<custom_ui for="Microsoft.Outlook.Mail.Read">
		<customUI xmlns="http://schemas.microsoft.com/office/2006/01/customui" onLoad="ribbon_on_load" loadImage="load_image">
			<ribbon>
				<tabs>
					<tab idMso="TabReadMessage">
						<group id="contact_group_2" label="#bpm_online_tb_caption" image="app_small_icon" insertAfterMso="GroupQuickSteps">
							<button id="mi_open_remote" label="#open_remote" size="normal" image="open_remote_img:16" getVisible="get_visible" getEnabled="get_enabled" onAction="button_on_action"/>
						</group>
					</tab>
				</tabs>
			</ribbon>
		</customUI>
	</custom_ui>

	<custom_ui for="Microsoft.Outlook.Task">
		<customUI xmlns="http://schemas.microsoft.com/office/2006/01/customui" onLoad="ribbon_on_load" loadImage="load_image">
			<ribbon>
				<tabs>
					<tab idMso="TabTask">
						<group id="TaskBPM" label="#bpm_online_tb_caption" image="app_small_icon">
							<button id="task_open_remote" label="#open_remote" size="normal" image="open_remote_img:16" getVisible="get_visible" getEnabled="get_enabled" onAction="button_on_action"/>
						</group>
					</tab>
				</tabs>
			</ribbon>
		</customUI>
	</custom_ui>

	<custom_ui for="Microsoft.Outlook.Calendar">
		<customUI xmlns="http://schemas.microsoft.com/office/2006/01/customui" onLoad="ribbon_on_load" loadImage="load_image">
			<ribbon>
				<tabs>
					<tab idMso="TabEvent">
						<group id="EventBPM" label="#bpm_online_tb_caption" image="app_small_icon">
							<button id="event_open_remote" label="#open_remote" size="normal" image="open_remote_img:16" getVisible="get_visible" getEnabled="get_enabled" onAction="button_on_action"/>
						</group>
					</tab>
				</tabs>
			</ribbon>
		</customUI>
	</custom_ui>
</toolbars>

