<?xml version="1.0" encoding="utf-8"?>
<toolbars>
	<toolbar caption="Standard" for="explorer" existent="true">
		<button id="#478" built-in="true">
			<action class="scriptable" id="#478"/>
		</button>
	</toolbar>

	<toolbar caption="Menu Bar" for="explorer" existent="true">
		<popup id="#30010"  built-in="true">
			<button id="sd_help" name="#btn_sd_help" small_image="type_image:Help:16">
				<action class="scriptable" id="open_help"/>
			</button>
		</popup>
	</toolbar>

	<custom_ui for="Microsoft.Outlook.Mail.Read">
		<customUI xmlns="http://schemas.microsoft.com/office/2006/01/customui" onLoad="ribbon_on_load" loadImage="load_image">
			<ribbon>
				<tabs>
					<tab idMso="TabReadMessage">
						<group id="DtkInspector" label="Track mail" image="app_small_icon">
							<gallery id="track_mail" label="track mail" size="large" columns="1" image="mp_save_mail_large_img" getVisible="get_visible" getEnabled="get_enabled" getItemCount="gallery_get_item_count" getItemID="gallery_get_item_id" getItemLabel="gallery_get_item_label" onAction="gallery_on_action" getItemImage="gallery_get_item_image"/>
						</group>
					</tab>
				</tabs>
			</ribbon>
		</customUI>
	</custom_ui>

</toolbars>

