<?xml version="1.0" encoding="utf-8"?>
<toolbars>
	<toolbar caption="#bpm_online_tb_caption" for="explorer">
		<button begin_group="true" name="#new_contact" small_image="contact_image:16">
			<action class="scriptable" id="new_contact"/>
		</button>
		<button id="track_contact" name="#track" small_image="track_img:16">
			<action class="scriptable" id="track_contact"/>
		</button>
		<button id="untrack_contact" name="#untrack" small_image="untrack_img:16">
			<action class="scriptable" id="untrack_contact"/>
		</button>
		<button id="track_mail" name="#track" small_image="track_img:16">
			<action class="scriptable" id="track_mail"/>
		</button>
		<button id="un_track_mail" name="#untrack" small_image="untrack_img:16">
			<action class="scriptable" id="un_track_mail"/>
		</button>
		<button name="#open_remote" small_image="open_remote_img:16">
			<action class="scriptable" id="open_remote"/>
		</button>
		<button id="item_convert_bpmonline" name="#item_convert-bpmonline" small_image="convert_to_bpm:16">
			<action class="scriptable" id="item_convert_bpmonline"/>
		</button>
		<button id="item_convert_outlook" name="#item_convert-outlook" small_image="convert_to_outlook:16">
			<action class="scriptable" id="item_convert_outlook"/>
		</button>
		<button id="show_help" name="#help" small_image="show_help:16">
			<action class="scriptable" id="show_help"/>
		</button>
	</toolbar>

	<toolbar caption="Standard" for="explorer" existent="true">
		<button id="#478" built-in="true">
			<action class="scriptable" id="#478"/>
		</button>
	</toolbar>

	<custom_ui for="Microsoft.Outlook.Contact">
		<customUI xmlns="http://schemas.microsoft.com/office/2006/01/customui" onLoad="ribbon_on_load" loadImage="load_image">
			<ribbon>
				<tabs>
					<tab idMso="TabContact">
						<group id="contact_group" label="#bpm_online_tb_caption" image="app_small_icon">
							<button id="open_remote" label="#open_remote" size="normal" image="open_remote_img:16" getVisible="get_visible" getEnabled="get_enabled" onAction="button_on_action"/>
						</group>
					</tab>
				</tabs>
			</ribbon>
		</customUI>
	</custom_ui>
	<custom_ui for="Microsoft.Outlook.Mail.Read">
		<customUI xmlns="http://schemas.microsoft.com/office/2006/01/customui" onLoad="ribbon_on_load" loadImage="load_image">
			<ribbon>
				<tabs>
					<tab idMso="TabReadMessage">
						<group id="contact_group_2" label="#bpm_online_tb_caption" image="app_small_icon">
							<button id="mi_open_remote" label="#open_remote" size="normal" image="open_remote_img:16" getVisible="get_visible" getEnabled="get_enabled" onAction="button_on_action"/>
						</group>
					</tab>
				</tabs>
			</ribbon>
		</customUI>
	</custom_ui>
</toolbars>

