<?xml version="1.0" encoding="utf-8"?>
<toolbars>
  <toolbar caption="Standard" for="explorer" existent="true">
    <button id="#478" built-in="true">
      <action class="scriptable" id="#478"/>
    </button>
  </toolbar>

  <toolbar caption="Menu Bar" for="explorer" existent="true">
    <popup id="#30010"  built-in="true">
      <button id="sd_help" name="#btn_sd_help" small_image="type_image:Help:16">
        <action class="scriptable" id="open_help"/>
      </button>
    </popup>
  </toolbar>
</toolbars>

