<?xml version="1.0" encoding="UTF-8" standalone="no"?>
<res_root>
	<str key="contactrights:salesbook">
		<![CDATA[<?xml version="1.0"?>
		<view type="table">
			<viewname>Contact Rights</viewname>
			<viewstyle>table-layout:fixed;width:100%;font-family:Segoe UI;font-style:normal;font-weight:normal;font-size:8pt;color:Black;font-charset:204</viewstyle>
			<viewtime>0</viewtime>
			<linecolor>8421504</linecolor>
			<linestyle>3</linestyle>
			<gridlines>1</gridlines>
			<collapsestate/>
			<rowstyle>background-color:window;color:windowtext</rowstyle>
			<headerstyle>background-color:#D3D3D3</headerstyle>
			<multiline>
				<width>0</width>
			</multiline>
			<column>
				<maxrows>1701576704</maxrows>
				<heading>Icon</heading>
				<prop>http://schemas.microsoft.com/mapi/proptag/0x0fff0102</prop>
				<bitmap>1</bitmap>
				<width>18</width>
				<style>padding-left:3px;;text-align:center</style>
				<editable>0</editable>
			</column>
			<column>
				<heading>SysAdminUnit</heading>
				<prop>http://schemas.microsoft.com/mapi/string/{00020329-0000-0000-C000-000000000046}/wb%20SysAdminUnitName</prop>
				<type>string</type>
				<width>214</width>
				<style>padding-left:3px;;text-align:left</style>
				<editable>1</editable>
				<userheading>$view_contactrights_SysAdminUnit$</userheading>
			</column>
			<column>
				<heading>Operation</heading>
				<prop>http://schemas.microsoft.com/mapi/string/{00020329-0000-0000-C000-000000000046}/wb%20Operation</prop>
				<type>string</type>
				<width>214</width>
				<style>padding-left:3px;;text-align:left</style>
				<editable>1</editable>
				<userheading>$view_contactrights_Permission$</userheading>
			</column>
			<column>
				<heading>RightLevel</heading>
				<prop>http://schemas.microsoft.com/mapi/string/{00020329-0000-0000-C000-000000000046}/wb%20RightLevel</prop>
				<type>string</type>
				<width>214</width>
				<style>padding-left:3px;;text-align:left</style>
				<editable>1</editable>
				<userheading>$view_contactrights_RightLevel$</userheading>
			</column>
			<column>
				<heading>Source</heading>
				<prop>http://schemas.microsoft.com/mapi/string/{00020329-0000-0000-C000-000000000046}/wb%20SourceName</prop>
				<type>string</type>
				<width>214</width>
				<style>padding-left:3px;;text-align:left</style>
				<editable>1</editable>
				<userheading>$view_contactrights_Source$</userheading>
			</column>
			<orderby>
				<order>
					<heading>File As</heading>
					<prop>http://schemas.microsoft.com/mapi/string/{00020329-0000-0000-C000-000000000046}/wb%20Operation</prop>
					<type>string</type>
					<sort>asc</sort>
				</order>
			</orderby>
		</view>
		]]>
	</str>
	<str key="opportunities:salesbook">
		<![CDATA[<?xml version="1.0"?>
		<view type="table">
			<viewname>opportunities</viewname>
			<viewstyle>table-layout:fixed;width:100%;font-family:Segoe UI;font-style:normal;font-weight:normal;font-size:8pt;color:Black;font-charset:204</viewstyle>
			<viewtime>0</viewtime>
			<linecolor>8421504</linecolor>
			<linestyle>3</linestyle>
			<gridlines>1</gridlines>
			<collapsestate/>
			<rowstyle>background-color:window;color:windowtext</rowstyle>
			<headerstyle>background-color:#D3D3D3</headerstyle>
			<multiline>
				<width>0</width>
			</multiline>
			<column>
				<maxrows>1701576704</maxrows>
				<heading>Icon</heading>
				<prop>http://schemas.microsoft.com/mapi/proptag/0x0fff0102</prop>
				<bitmap>1</bitmap>
				<width>18</width>
				<style>padding-left:3px;;text-align:center</style>
				<editable>0</editable>
			</column>
			<column>
				<heading>Title</heading>
				<prop>http://schemas.microsoft.com/mapi/string/{00020329-0000-0000-C000-000000000046}/wb%20Title</prop>
				<type>string</type>
				<width>214</width>
				<style>padding-left:3px;;text-align:left</style>
				<editable>1</editable>
				<userheading>$view_opportunities_Title$</userheading>
			</column>
			<column>
				<heading>AccountName</heading>
				<prop>http://schemas.microsoft.com/mapi/string/{00020329-0000-0000-C000-000000000046}/wb%20AccountName</prop>
				<type>string</type>
				<width>214</width>
				<style>padding-left:3px;;text-align:left</style>
				<editable>1</editable>
				<userheading>$view_opportunities_AccountName$</userheading>
			</column>
			<orderby>
				<order>
					<heading>Title</heading>
					<prop>http://schemas.microsoft.com/mapi/string/{00020329-0000-0000-C000-000000000046}/wb%20Title</prop>
					<type>string</type>
					<sort>asc</sort>
				</order>
			</orderby>
		</view>
		]]>
	</str>
	<str key="documents:salesbook">
		<![CDATA[<?xml version="1.0"?>
		<view type="table">
			<viewname>documents</viewname>
			<viewstyle>table-layout:fixed;width:100%;font-family:Segoe UI;font-style:normal;font-weight:normal;font-size:8pt;color:Black;font-charset:204</viewstyle>
			<viewtime>0</viewtime>
			<linecolor>8421504</linecolor>
			<linestyle>3</linestyle>
			<gridlines>1</gridlines>
			<collapsestate/>
			<rowstyle>background-color:window;color:windowtext</rowstyle>
			<headerstyle>background-color:#D3D3D3</headerstyle>
			<multiline>
				<width>0</width>
			</multiline>
			<column>
				<maxrows>1701576704</maxrows>
				<heading>Icon</heading>
				<prop>http://schemas.microsoft.com/mapi/proptag/0x0fff0102</prop>
				<bitmap>1</bitmap>
				<width>18</width>
				<style>padding-left:3px;;text-align:center</style>
				<editable>0</editable>
			</column>
			<column>
				<heading>Title</heading>
				<prop>http://schemas.microsoft.com/mapi/string/{00020329-0000-0000-C000-000000000046}/wb%20Number</prop>
				<type>string</type>
				<width>214</width>
				<style>padding-left:3px;;text-align:left</style>
				<editable>1</editable>
				<userheading>$view_documents_Title$</userheading>
			</column>
			<column>
				<heading>CustomerName</heading>
				<prop>http://schemas.microsoft.com/mapi/string/{00020329-0000-0000-C000-000000000046}/wb%20CustomerName</prop>
				<type>string</type>
				<width>214</width>
				<style>padding-left:3px;;text-align:left</style>
				<editable>1</editable>
				<userheading>$view_documents_CustomerName$</userheading>
			</column>
			<orderby>
				<order>
					<heading>Number</heading>
					<prop>http://schemas.microsoft.com/mapi/string/{00020329-0000-0000-C000-000000000046}/wb%20Number</prop>
					<type>string</type>
					<sort>asc</sort>
				</order>
			</orderby>
		</view>
		]]>
	</str>
	<str key="invoices:salesbook">
		<![CDATA[<?xml version="1.0"?>
		<view type="table">
		<viewname>employees</viewname>
			<viewstyle>table-layout:fixed;width:100%;font-family:Segoe UI;font-style:normal;font-weight:normal;font-size:8pt;color:Black;font-charset:204</viewstyle>
			<viewtime>0</viewtime>
			<linecolor>8421504</linecolor>
			<linestyle>3</linestyle>
			<gridlines>1</gridlines>
			<collapsestate/>
			<rowstyle>background-color:window;color:windowtext</rowstyle>
			<headerstyle>background-color:#D3D3D3</headerstyle>
			<multiline>
				<width>0</width>
			</multiline>
			<column>
				<maxrows>1701576704</maxrows>
				<heading>Icon</heading>
				<prop>http://schemas.microsoft.com/mapi/proptag/0x0fff0102</prop>
				<bitmap>1</bitmap>
				<width>18</width>
				<style>padding-left:3px;;text-align:center</style>
				<editable>0</editable>
			</column>
			<column>
				<heading>Number</heading>
				<prop>http://schemas.microsoft.com/mapi/string/{00020329-0000-0000-C000-000000000046}/wb%20Number</prop>
				<type>string</type>
				<width>214</width>
				<style>padding-left:3px;;text-align:left</style>
				<editable>1</editable>
				<userheading>$view_invoices_Number$</userheading>
			</column>
			<column>
				<heading>CustomerName</heading>
				<prop>http://schemas.microsoft.com/mapi/string/{00020329-0000-0000-C000-000000000046}/wb%20CustomerName</prop>
				<type>string</type>
				<width>214</width>
				<style>padding-left:3px;;text-align:left</style>
				<editable>1</editable>
				<userheading>$view_invoices_CustomerName$</userheading>
			</column>
			<orderby>
				<order>
					<heading>Number</heading>
					<prop>http://schemas.microsoft.com/mapi/string/{00020329-0000-0000-C000-000000000046}/wb%20Number</prop>
					<type>string</type>
					<sort>asc</sort>
				</order>
			</orderby>
		</view>
		]]>
	</str>
	<str key="employees:salesbook">
		<![CDATA[<?xml version="1.0"?>
		<view type="table">
			<viewname>employees</viewname>
			<viewstyle>table-layout:fixed;width:100%;font-family:Segoe UI;font-style:normal;font-weight:normal;font-size:8pt;color:Black;font-charset:204</viewstyle>
			<viewtime>0</viewtime>
			<linecolor>8421504</linecolor>
			<linestyle>3</linestyle>
			<gridlines>1</gridlines>
			<collapsestate/>
			<rowstyle>background-color:window;color:windowtext</rowstyle>
			<headerstyle>background-color:#D3D3D3</headerstyle>
			<multiline>
				<width>0</width>
			</multiline>
			<column>
				<maxrows>1701576704</maxrows>
				<heading>Icon</heading>
				<prop>http://schemas.microsoft.com/mapi/proptag/0x0fff0102</prop>
				<bitmap>1</bitmap>
				<width>18</width>
				<style>padding-left:3px;;text-align:center</style>
				<editable>0</editable>
			</column>
			<column>
				<heading>Name</heading>
				<prop>http://schemas.microsoft.com/mapi/string/{00020329-0000-0000-C000-000000000046}/wb%20Name</prop>
				<type>string</type>
				<width>214</width>
				<style>padding-left:3px;;text-align:left</style>
				<editable>1</editable>
				<userheading>$view_employees_EmployeeName$</userheading>
			</column>
			<orderby>
				<order>
					<heading>Name</heading>
					<prop>http://schemas.microsoft.com/mapi/string/{00020329-0000-0000-C000-000000000046}/wb%20Name</prop>
					<type>string</type>
					<sort>asc</sort>
				</order>
			</orderby>
		</view>
		]]>
	</str>
	<str key="accounts:salesbook">
		<![CDATA[<?xml version="1.0"?>
		<view type="table">
			<viewname>accounts</viewname>
			<viewstyle>table-layout:fixed;width:100%;font-family:Segoe UI;font-style:normal;font-weight:normal;font-size:8pt;color:Black;font-charset:204</viewstyle>
			<viewtime>0</viewtime>
			<linecolor>8421504</linecolor>
			<linestyle>3</linestyle>
			<gridlines>1</gridlines>
			<collapsestate/>
			<rowstyle>background-color:window;color:windowtext</rowstyle>
			<headerstyle>background-color:#D3D3D3</headerstyle>
			<multiline>
				<width>0</width>
			</multiline>
			<column>
				<maxrows>1701576704</maxrows>
				<heading>Icon</heading>
				<prop>http://schemas.microsoft.com/mapi/proptag/0x0fff0102</prop>
				<bitmap>1</bitmap>
				<width>18</width>
				<style>padding-left:3px;;text-align:center</style>
				<editable>0</editable>
			</column>
			<column>
				<heading>Name</heading>
				<prop>http://schemas.microsoft.com/mapi/string/{00020329-0000-0000-C000-000000000046}/wb%20AccountName</prop>
				<type>string</type>
				<width>305</width>
				<style>padding-left:3px;;text-align:left</style>
				<userheading>$view_accounts_Name$</userheading>
			</column>
			<orderby>
				<order>
					<heading>Name</heading>
					<prop>urn:schemas:contacts:fileas</prop>
					<type>string</type>
					<userheading>$view_countries_Name$</userheading>
					<sort>asc</sort>
				</order>
			</orderby>
		</view>
		]]>
	</str>
	<str key="countries:salesbook">
		<![CDATA[<?xml version="1.0"?>
		<view type="table">
			<viewname>countries</viewname>
			<viewstyle>table-layout:fixed;width:100%;font-family:Segoe UI;font-style:normal;font-weight:normal;font-size:8pt;color:Black;font-charset:204</viewstyle>
			<viewtime>0</viewtime>
			<linecolor>8421504</linecolor>
			<linestyle>3</linestyle>
			<gridlines>1</gridlines>
			<collapsestate/>
			<rowstyle>background-color:window;color:windowtext</rowstyle>
			<headerstyle>background-color:#D3D3D3</headerstyle>
			<multiline>
				<width>0</width>
			</multiline>
			<column>
				<maxrows>1701576704</maxrows>
				<heading>Icon</heading>
				<prop>http://schemas.microsoft.com/mapi/proptag/0x0fff0102</prop>
				<bitmap>1</bitmap>
				<width>18</width>
				<style>padding-left:3px;;text-align:center</style>
				<editable>0</editable>
			</column>
			<column>
				<heading>Name</heading>
				<prop>urn:schemas:contacts:fileas</prop>
				<type>string</type>
				<userheading>$view_countries_Name$</userheading>
				<width>306</width>
				<style>padding-left:3px;;text-align:left</style>
			</column>
			<orderby>
				<order>
					<heading>Name</heading>
					<prop>http://schemas.microsoft.com/mapi/string/{00020329-0000-0000-C000-000000000046}/wb%20Name</prop>
					<type>string</type>
					<sort>asc</sort>
				</order>
			</orderby>
		</view>
		]]>
	</str>
	<str key="regions:salesbook">
		<![CDATA[<?xml version="1.0"?>
		<view type="table">
			<viewname>regions</viewname>
			<viewstyle>table-layout:fixed;width:100%;font-family:Segoe UI;font-style:normal;font-weight:normal;font-size:8pt;color:Black;font-charset:204</viewstyle>
			<viewtime>0</viewtime>
			<linecolor>8421504</linecolor>
			<linestyle>3</linestyle>
			<gridlines>1</gridlines>
			<collapsestate/>
			<rowstyle>background-color:window;color:windowtext</rowstyle>
			<headerstyle>background-color:#D3D3D3</headerstyle>
			<multiline>
				<width>0</width>
			</multiline>
			<column>
				<maxrows>1701576704</maxrows>
				<heading>Icon</heading>
				<prop>http://schemas.microsoft.com/mapi/proptag/0x0fff0102</prop>
				<bitmap>1</bitmap>
				<width>18</width>
				<style>padding-left:3px;;text-align:center</style>
				<editable>0</editable>
			</column>
			<column>
				<heading>Name</heading>
				<prop>urn:schemas:contacts:fileas</prop>
				<type>string</type>
				<userheading>$view_regions_Name$</userheading>
				<width>306</width>
				<style>padding-left:3px;;text-align:left</style>
			</column>
			<column>
				<heading>CountryName</heading>
				<prop>http://schemas.microsoft.com/mapi/string/{00020329-0000-0000-C000-000000000046}/wb%20CountryName</prop>
				<type>string</type>
				<width>214</width>
				<style>padding-left:3px;;text-align:left</style>
				<editable>1</editable>
				<userheading>$view_regions_CountryName$</userheading>
			</column>
			<orderby>
				<order>
					<heading>Name</heading>
					<prop>http://schemas.microsoft.com/mapi/string/{00020329-0000-0000-C000-000000000046}/wb%20Name</prop>
					<type>string</type>
					<sort>asc</sort>
				</order>
			</orderby>
		</view>
		]]>
	</str>
	<str key="cities:salesbook">
		<![CDATA[<?xml version="1.0"?>
		<view type="table">
			<viewname>cities</viewname>
			<viewstyle>table-layout:fixed;width:100%;font-family:Segoe UI;font-style:normal;font-weight:normal;font-size:8pt;color:Black;font-charset:204</viewstyle>
			<viewtime>0</viewtime>
			<linecolor>8421504</linecolor>
			<linestyle>3</linestyle>
			<gridlines>1</gridlines>
			<collapsestate/>
			<rowstyle>background-color:window;color:windowtext</rowstyle>
			<headerstyle>background-color:#D3D3D3</headerstyle>
			<multiline>
				<width>0</width>
			</multiline>
			<column>
				<maxrows>1701576704</maxrows>
				<heading>Icon</heading>
				<prop>http://schemas.microsoft.com/mapi/proptag/0x0fff0102</prop>
				<bitmap>1</bitmap>
				<width>18</width>
				<style>padding-left:3px;;text-align:center</style>
				<editable>0</editable>
			</column>
			<column>
        		<heading>Name</heading>
        		<prop>urn:schemas:contacts:fileas</prop>
        		<type>string</type>
        		<userheading>$view_cities_Name$</userheading>
        		<width>306</width>
        		<style>padding-left:3px;;text-align:left</style>
        	</column>
			<column>
				<heading>Country</heading>
				<prop>http://schemas.microsoft.com/mapi/string/{00020329-0000-0000-C000-000000000046}/wb%20CountryName</prop>
				<type>string</type>
				<width>214</width>
				<style>padding-left:3px;;text-align:left</style>
				<editable>1</editable>
				<userheading>$view_cities_Country$</userheading>
			</column>
			<column>
				<heading>Region</heading>
				<prop>http://schemas.microsoft.com/mapi/string/{00020329-0000-0000-C000-000000000046}/wb%20RegionName</prop>
				<type>string</type>
				<width>214</width>
				<style>padding-left:3px;;text-align:left</style>
				<editable>1</editable>
				<userheading>$view_cities_Region$</userheading>
			</column>
			<orderby>
				<order>
					<heading>Name</heading>
					<prop>urn:schemas:contacts:fileas</prop>
					<type>string</type>
					<sort>asc</sort>
					<userheading>Name</userheading>
				</order>
			</orderby>
		</view>
		]]>
	</str>
	<str key="contacts:salesbook">
		<![CDATA[<?xml version="1.0"?>
		<view type="table">
			<viewname>contacts</viewname>
			<viewstyle>table-layout:fixed;width:100%;font-family:Segoe UI;font-style:normal;font-weight:normal;font-size:8pt;color:Black;font-charset:204</viewstyle>
			<viewtime>0</viewtime>
			<linecolor>8421504</linecolor>
			<linestyle>3</linestyle>
			<gridlines>1</gridlines>
			<collapsestate/>
			<rowstyle>background-color:window;color:windowtext</rowstyle>
			<headerstyle>background-color:#D3D3D3</headerstyle>
			<multiline>
				<width>0</width>
			</multiline>
			<column>
				<maxrows>1701576704</maxrows>
				<heading>Icon</heading>
				<prop>http://schemas.microsoft.com/mapi/proptag/0x0fff0102</prop>
				<bitmap>1</bitmap>
				<width>18</width>
				<style>padding-left:3px;;text-align:center</style>
				<editable>0</editable>
			</column>
			<column>
				<heading>Name</heading>
				<prop>urn:schemas:contacts:cn</prop>
				<type>string</type>
				<width>214</width>
				<style>padding-left:3px;;text-align:left</style>
				<editable>1</editable>
				<userheading>$view_contacts_Name$</userheading>
			</column>
			<orderby>
				<order>
					<heading>Name</heading>
					<prop>urn:schemas:contacts:cn</prop>
					<type>string</type>
					<sort>asc</sort>
				</order>
			</orderby>
		</view>
		]]>
	</str>
	<str key="AllContacts">
		<![CDATA[<?xml version="1.0"?>
        <view type="table">
        	<viewname>$obj_contact_plural$</viewname>
        	<viewstyle>table-layout:fixed;width:100%;font-family:Tahoma;font-style:normal;font-weight:normal;font-size:8pt;color:Black;font-charset:204</viewstyle>
        	<viewtime>212822502</viewtime>
        	<linecolor>8421504</linecolor>
        	<linestyle>3</linestyle>
        	<gridlines>1</gridlines>
        	<autosizing>0</autosizing>
        	<newitemrow>1</newitemrow>
        	<incelledit>0</incelledit>
        	<multiline>
        		<width>0</width>
        	</multiline>
        	<usequickflags>0</usequickflags>
        	<collapsestate></collapsestate>
        	<rowstyle>background-color:#FFFFFF</rowstyle>
        	<headerstyle>background-color:#D3D3D3</headerstyle>
        	<previewstyle>color:Blue</previewstyle>
        	<arrangement>
        		<autogroup>0</autogroup>
        		<collapseclient></collapseclient>
        	</arrangement>
        	<column>
        		<name>HREF</name>
        		<prop>DAV:href</prop>
        		<checkbox>1</checkbox>
        	</column>
        	<column>
        		<heading>Icon</heading>
        		<prop>http://schemas.microsoft.com/mapi/proptag/0x0fff0102</prop>
        		<bitmap>1</bitmap>
        		<width>50</width>
        		<style>padding-left:3px;;text-align:center</style>
        	</column>
        	<column>
        		<heading>Name</heading>
        		<prop>urn:schemas:contacts:fileas</prop>
        		<type>string</type>
        		<userheading>Name</userheading>
        		<width>306</width>
        		<style>padding-left:3px;;text-align:left</style>
        	</column>
			<column>
				<heading>Account</heading>
				<prop>http://schemas.microsoft.com/mapi/string/{00020329-0000-0000-C000-000000000046}/wb%20AccountName</prop>
				<type>string</type>
				<width>214</width>
				<style>padding-left:3px;;text-align:left</style>
				<editable>1</editable>
				<userheading>Account</userheading>
			</column>
			<column>
        		<heading>Job Title</heading>
        		<prop>http://schemas.microsoft.com/mapi/proptag/0x3A170000</prop>
        		<type>string</type>
        		<width>130</width>
        		<style>padding-left:3px;;text-align:left</style>
        		<shortheading>Job</shortheading>
        	</column>
			<column>
        		<heading>Business Phone</heading>
        		<prop>urn:schemas:contacts:officetelephonenumber</prop>
        		<type>string</type>
        		<width>146</width>
        		<style>padding-left:3px;;text-align:left</style>
        		<shortheading>Business</shortheading>
        	</column>
        	<column>
        		<heading>Mobile Phone</heading>
        		<prop>http://schemas.microsoft.com/mapi/proptag/0x3a1c0000</prop>
        		<type>string</type>
        		<width>130</width>
        		<style>padding-left:3px;;text-align:left</style>
        		<shortheading>Mobile</shortheading>
        	</column>
			<column>
        		<heading>E-mail</heading>
        		<prop>http://schemas.microsoft.com/mapi/id/{00062004-0000-0000-C000-000000000046}/8084001f</prop>
        		<type>string</type>
        		<width>185</width>
        		<style>padding-left:3px;;text-align:left</style>
        	</column>
        	<orderby>
        		<order>
        			<heading>Name</heading>
        			<prop>urn:schemas:contacts:fileas</prop>
        			<type>string</type>
        			<sort>asc</sort>
        			<userheading>Name</userheading>
        		</order>
        	</orderby>
        	<groupbydefault>0</groupbydefault>
        	<previewpane>
        		<markasread>0</markasread>
        	</previewpane>
        </view>]]>
	</str>
	<str key="jobs:salesbook">
		<![CDATA[<?xml version="1.0"?>
		<view type="table">
			<viewname>jobs</viewname>
			<viewstyle>table-layout:fixed;width:100%;font-family:Segoe UI;font-style:normal;font-weight:normal;font-size:8pt;color:Black;font-charset:204</viewstyle>
			<viewtime>0</viewtime>
			<linecolor>8421504</linecolor>
			<linestyle>3</linestyle>
			<gridlines>1</gridlines>
			<collapsestate/>
			<rowstyle>background-color:window;color:windowtext</rowstyle>
			<headerstyle>background-color:#D3D3D3</headerstyle>
			<multiline>
				<width>0</width>
			</multiline>
			<column>
				<maxrows>1701576704</maxrows>
				<heading>Icon</heading>
				<prop>http://schemas.microsoft.com/mapi/proptag/0x0fff0102</prop>
				<bitmap>1</bitmap>
				<width>18</width>
				<style>padding-left:3px;;text-align:center</style>
				<editable>0</editable>
			</column>
			<column>
				<heading>Name</heading>
				<prop>http://schemas.microsoft.com/mapi/string/{00020329-0000-0000-C000-000000000046}/wb%20Name</prop>
				<type>string</type>
				<width>214</width>
				<style>padding-left:3px;;text-align:left</style>
				<editable>1</editable>
				<userheading>$view_regions_Name$</userheading>
			</column>
			<orderby>
				<order>
					<heading>Name</heading>
					<prop>http://schemas.microsoft.com/mapi/string/{00020329-0000-0000-C000-000000000046}/wb%20Name</prop>
					<type>string</type>
					<sort>asc</sort>
				</order>
			</orderby>
		</view>
		]]>
	</str>
</res_root>

